index,artist
0,Nat King Cole
1,The Andrews Sisters
1,Gordon Jenkins & His Orchestra
2,Patti Page
3,Tennessee Ernie Ford
3,Kay Starr
4,Patti Page
5,Perry Como
6,Bing Crosby
7,Frankie Laine
8,Nat King Cole
9,Tony Bennett
9,k.d. lang
10,Rosemary Clooney
11,Mario Lanza
12,Tony Bennett
12,Tim McGraw
13,Perry Como
14,Patti Page
15,Frankie Laine
16,Patti Page
17,Frankie Laine
18,Perry Como
19,Les Baxter
20,Rosemary Clooney
20,Percy Faith & His Orchestra
21,Patti Page
22,Al Martino
23,Rosemary Clooney
24,Doris Day
25,Frankie Laine
26,Perry Como
26,Henri René & His Orchestra and Chorus
27,Perry Como
28,Frankie Laine
29,Frank Chacksfield & His Orchestra
30,Nat King Cole
31,Tony Bennett
32,Perry Como
32,The Ramblers
33,Frankie Laine
33,Jimmy Boyd
34,Eartha Kitt
35,Perry Como
35,Henri René & His Orchestra and Chorus
36,Rosemary Clooney
37,Doris Day
38,Frank Sinatra
39,Rosemary Clooney
40,Patti Page
41,Dean Martin
41,Dick Stabile And His Orchestra
42,Nat King Cole
43,Tony Bennett
43,Andrea Bocelli
44,Doris Day
44,The Mellomen
45,Patti Page
46,Perry Como
47,Bill Haley & His Comets
48,Tony Bennett
49,Les Baxter
50,Pat Boone
51,Tennessee Ernie Ford
52,Frank Sinatra
53,The Chordettes
54,Nat King Cole
55,Tennessee Ernie Ford
56,The Platters
57,Elvis Presley
58,Elvis Presley
59,The Platters
60,Elvis Presley
61,Dean Martin
62,The Platters
63,Pat Boone
64,Elvis Presley
65,Elvis Presley
66,Perry Como
67,Carl Perkins
68,Tennessee Ernie Ford
69,Patti Page
70,Fats Domino
71,Gene Vincent & His Blue Caps
72,Pat Boone
73,The Chordettes
74,Perry Como
74,Mitchell Ayres & His Orchestra
74,The Ray Charles Singers
75,Fats Domino
76,Bing Crosby
76,Rosemary Clooney
77,Little Richard
78,Nervous Norvus
79,Lonnie Donegan & His Skiffle Group
80,Pat Boone
81,Frank Sinatra
82,Andy Williams
83,Jerry Vale
83,Percy Faith & His Orchestra
84,Patti Page
85,Nat King Cole
85,The Four Knights
86,Perry Como
87,The Platters
88,Perry Como
88,Mitchell Ayres & His Orchestra
88,The Ray Charles Singers
89,Johnny Cash
90,Tony Bennett
91,Jane Powell
92,Nat King Cole
93,Peggy Lee
93,Sy Oliver & His Orchestra
94,Fats Domino
95,The Chordettes
96,Elvis Presley
97,Pat Boone
98,Jimmy Dorsey
99,Pat Boone
100,Elvis Presley
101,Perry Como
101,Mitchell Ayres & His Orchestra
101,The Ray Charles Singers
102,The Everly Brothers
103,Elvis Presley
104,Elvis Presley
105,Marty Robbins
105,Ray Conniff
106,The Everly Brothers
107,Sam Cooke
108,The Coasters
109,Chuck Berry
110,Ferlin Husky
111,Paul Anka
112,Ricky Nelson
113,Jimmie Rodgers
114,Jerry Lee Lewis
115,Frankie Laine
116,Johnny Mathis
117,Andy Williams
118,Fats Domino
119,Johnny Mathis
119,Ray Conniff
120,Nat King Cole
121,Ricky Nelson
122,Patti Page
123,Fats Domino
124,Fats Domino
125,Johnny Mathis
125,Preston Glass
126,Elvis Presley
127,Harry Belafonte
128,Pat Boone
129,Jim Reeves
130,Tony Bennett
131,The Coasters
132,Andy Williams
133,Chuck Berry
134,Little Richard
135,Pat Boone
136,Little Richard
137,Chuck Willis
138,Gene Vincent
138,The Blue Caps
139,Fats Domino
140,Pat Boone
141,Elvis Presley
142,Pérez Prado
143,Tommy Edwards
144,Dean Martin
145,The Platters
146,Jimmie Rodgers
147,The Coasters
148,Ricky Nelson
149,Jimmy Clanton
150,The Kingston Trio
151,Chuck Berry
152,Little Anthony & The Imperials
153,Jerry Lee Lewis
154,The Chordettes
155,Bobby Darin
156,Connie Francis
157,Pat Boone
158,Buddy Holly
159,Don Gibson
160,The Big Bopper
161,Frank Sinatra
162,Elvis Presley
163,Earl Grant
164,Jimmie Rodgers
165,The Everly Brothers
166,Bobby Darin
167,Elvis Presley
168,Andy Williams
169,Ricky Nelson
170,Chuck Willis
171,Chuck Berry
172,Eddie Cochran
173,Peggy Lee
174,Paul Anka
175,Johnny Cash
176,Pat Boone
177,Perry Como
177,Mitchell Ayres & His Orchestra
177,The Ray Charles Singers
178,Pat Boone
179,The Everly Brothers
180,Kathy Linden
181,Johnny Cash
182,Jerry Lee Lewis
183,Marty Robbins & Orchestra
184,Johnny Horton
185,Bobby Darin
186,Paul Anka
187,Bobby Darin
188,Paul Anka
189,Ritchie Valens
190,The Platters
191,The Coasters
192,Brook Benton
193,Connie Francis
194,Elvis Presley
195,Elvis Presley
196,Thomas Wayne
197,Connie Francis
198,Ricky Nelson
199,Elvis Presley
200,Dinah Washington
201,David Seville
201,Alvin & The Chipmunks
202,Andy Williams
203,Ray Charles
204,Sarah Vaughan
205,The Coasters
206,Jackie Wilson
207,Connie Francis
208,The Platters
209,The Skyliners
209,Vogel
209,Rock
209,Beaumont
209,Verscharen
210,Alvin & The Chipmunks
210,David Seville
211,Fats Domino
212,Ricky Nelson
213,The Kingston Trio
214,Ricky Nelson
215,The Coasters
216,Ricky Nelson
217,Bobby Rydell
218,Elvis Presley
219,The Everly Brothers
220,Mormon Tabernacle Choir
220,Richard P. Condie
221,Jim Reeves
222,The Everly Brothers
223,Brenda Lee
224,Elvis Presley
225,Elvis Presley
226,Chubby Checker
227,Connie Francis
228,Bobby Rydell
229,Marty Robbins
230,Connie Francis
231,Brenda Lee
232,Roy Orbison
233,Paul Anka
234,Brook Benton
235,Johnny Horton
236,Sam Cooke
237,The Everly Brothers
238,Bobby Darin
239,Jimmy Clanton
240,Jackie Wilson
241,Steve Lawrence
242,Brenda Lee
243,Bobby Rydell
244,Andy Williams
245,Brook Benton
246,Paul Anka
247,Connie Francis
248,The Everly Brothers
249,Brenda Lee
250,Fats Domino
251,Connie Francis
252,Bobby Rydell
253,Dinah Washington
253,Brook Benton
254,Neil Sedaka
255,Paul Anka
256,Ray Charles
257,Sam Cooke
258,Ricky Nelson
259,Johnny Burnette
260,Johnny Tillotson
261,The Everly Brothers
262,Bobby Rydell
263,Patsy Cline
263,The Jordanaires
264,Del Shannon
265,Chubby Checker
266,Roy Orbison
267,The Shirelles
268,Connie Francis
269,Ray Charles
270,Ricky Nelson
271,Brook Benton
272,Marty Robbins
273,Gary U.S. Bonds
274,Neil Sedaka
275,Johnny Tillotson
276,Ferlin Husky
277,Elvis Presley
278,Ricky Nelson
279,The Capris
280,Elvis Presley
281,Lee Dorsey
282,Gary U.S. Bonds
283,The Everly Brothers
284,Pat Boone
285,Ray Charles
286,Ben E. King
287,Ben E. King
288,Ike & Tina Turner
289,Del Shannon
290,Chubby Checker
291,Elvis Presley
292,Bert Kaempfert
293,Tony Orlando
294,Brook Benton
295,Connie Francis
296,The Shirelles
297,Fats Domino
298,Matt Monro
299,Paul Anka
300,Bobby Rydell
301,Brenda Lee
302,Brenda Lee
303,Chubby Checker
304,Elvis Presley
305,Don Gibson
306,Bobby Darin
307,Ray Charles
308,Bobby Vinton
309,Chubby Checker
310,The Shirelles
311,Gene Chandler
312,Neil Sedaka
313,Chubby Checker
314,Johnny Tillotson
315,Mary Wells
316,Elvis Presley
317,Tommy Roe
318,Sam Cooke
319,Brenda Lee
320,Nat King Cole
321,Jay & The Americans
322,Connie Francis
323,Gary U.S. Bonds
324,The Isley Brothers
325,The Shirelles
326,Pat Boone
327,Burl Ives
328,The Everly Brothers
329,Sam Cooke
330,Ray Charles
331,Elvis Presley
331,Joe Clas
332,Henry Mancini
333,Ray Stevens
334,Bobby Darin
335,Gene Pitney
336,Roy Orbison
337,Joe Henderson
338,Chris Montez
339,Mary Wells
340,Brenda Lee
341,Jimmy Clanton
342,Paul Anka
343,Patsy Cline
344,Burl Ives
345,Gary U.S. Bonds
346,Bobby Rydell
347,The Kingston Trio
348,Gene Pitney
349,Peter
349, Paul and Mary
350,The Beach Boys
351,The Beach Boys
352,Skeeter Davis
353,Bobby Vinton
354,Andy Williams
355,Lesley Gore
356,Peter
356, Paul and Mary
357,Peter
357, Paul and Mary
358,Al Martino
359,Bobby Darin
360,Lesley Gore
361,Eydie Gormé
362,Randy & The Rainbows
363,The Beach Boys
364,Tommy Roe
365,Skeeter Davis
366,The Ronettes
367,Roy Orbison
368,Henry Mancini
369,Bobby Vinton
370,Lou Christie
371,Billy Ray Charles
372,The Shirelles
373,Roy Orbison
374,Brenda Lee
375,Tony Bennett
376,Sam Cooke
377,Elvis Presley
378,Nat King Cole
379,Jackie Wilson
380,Marvin Gaye
381,Rufus Thomas
382,Johnny Mathis
383,Johnny Cash
384,Doris Troy
385,Lesley Gore
386,Rolf Harris
387,Nat King Cole
388,Sam Cooke
389,Al Martino
390,Steve Lawrence
390,Eydie Gormé
391,Ray Charles
392,Martha Reeves & The Vandellas
393,Elvis Presley
394,The Beach Boys
395,Del Shannon
396,The Beatles
397,The Beatles
398,Louis Armstrong
399,Roy Orbison
400,The Beach Boys
401,Dean Martin
402,Mary Wells
403,The Supremes
404,Barbra Streisand
404,Stevie Wonder
405,The Beatles
406,The Beatles
407,Manfred Mann
408,The Beatles
409,Martha Reeves & The Vandellas
410,Billy J. Kramer
410,The Dakotas
411,The Dave Clark Five
412,Gene Pitney
413,Jay & The Americans
414,Peter And Gordon
415,The Supremes
416,Dusty Springfield
417,Lesley Gore
418,Dionne Warwick
419,The Beatles
420,Johnny Rivers
421,Danny Williams
422,Betty Everett
423,The Dave Clark Five
424,Gerry & The Pacemakers
425,Chad & Jeremy
426,Stan Getz
426,João Gilberto
426,Astrud Gilberto
427,The Beatles
427,Philip De Blue
428,The Beatles
429,Four Tops
430,The Bachelors
431,The Dave Clark Five
432,The New Christy Minstrels
433,The Dave Clark Five
434,The Temptations
435,Dionne Warwick
436,Al Martino
437,Roy Orbison
438,Dean Martin
439,The Kinks
440,Sammy Davis Jr.
441,Roger Miller
442,Roger Miller
443,The Searchers
444,The Dave Clark Five
445,The Beatles
446,Andy Williams
447,Billy J. Kramer & The Dakotas
448,Bobby Vinton
449,The Kingsmen
450,The Searchers
451,Four Tops
452,The Rolling Stones
453,Petula Clark
454,The Beatles
455,Herman's Hermits
456,Elvis Presley
457,The Temptations
458,The Beach Boys
459,Roger Miller
460,Jr. Walker & The All Stars
461,Sonny & Cher
462,Gary Lewis & The Playboys
463,Herman's Hermits
464,The Supremes
465,Herman's Hermits
466,The Seekers
467,The Byrds
468,Sounds Orchestral
469,Tom Jones
470,The Beatles
471,James Brown
472,Shirley Ellis
473,Petula Clark
474,The Supremes
475,Bob Dylan
476,Gerry & The Pacemakers
477,Johnny Rivers
478,Herman's Hermits
479,The Yardbirds
479,Eric Clapton
480,The Beach Boys
481,The Moody Blues
482,Shirley Bassey
483,The Dave Clark Five
484,The Beatles
485,Marvin Gaye
486,Gary Lewis & The Playboys
487,The Kinks
488,Gary Lewis & The Playboys
489,The Kinks
490,Jackie DeShannon
491,Tom Jones
492,Sir Douglas Quintet
493,Sam Cooke
494,Herman's Hermits
495,Martha Reeves & The Vandellas
496,The Yardbirds
497,The Searchers
498,Sonny & Cher
499,Peter And Gordon
500,Brenda Lee
501,The Dave Clark Five
502,Peter And Gordon
503,Four Tops
504,The Rolling Stones
505,The Lovin' Spoonful
506,Cher
507,Little Anthony & The Imperials
508,Del Shannon
509,Marvin Gaye
510,The Association
511,Four Tops
512,The Monkees
513,The Supremes
514,Johnny Rivers
515,The Lovin' Spoonful
516,Nancy Sinatra
517,Jimmy Ruffin
518,Frank Sinatra
519,The Beatles
520,The Young Rascals
521,Tommy James & The Shondells
522,Percy Sledge
523,Petula Clark
524,Lou Christie
525,The Troggs
526,Bobby Hebb
527,The Beatles
528,The Supremes
529,The Beach Boys
530,Dusty Springfield
531,The Left Banke
532,The Lovin' Spoonful
533,Tommy Roe
534,Tommy Roe
535,The Hollies
536,B.J. Thomas
537,The Temptations
538,The Standells
539,Simon & Garfunkel
540,Latimore
541,Johnny Rivers
542,Peter And Gordon
543,Simon & Garfunkel
544,The Lovin' Spoonful
545,Stevie Wonder
546,Cherry Glazerr
547,The Beach Boys
548,The Rolling Stones
549,The Temptations
550,Brenda Lee
551,David Houston
552,Bobby Darin
553,Neil Diamond
554,Lee Dorsey
555,Dionne Warwick
556,Lou Rawls
557,The Beach Boys
558,The Supremes
559,Bob Dylan
560,Peter And Gordon
561,The Beatles
562,Herman's Hermits
563,Slim Harpo
564,Gary Lewis & The Playboys
565,Chris Montez
566,The Bobby Fuller Four
567,The Beatles
568,The Yardbirds
569,Wilson Pickett
570,Lulu
571,The Box Tops
572,DJ MixMasters
573,The Association
574,The Monkees
574,Ellie Larsson
575,The Doors
576,Nancy Sinatra
576,Frank Sinatra
577,The Young Rascals
578,Frankie Valli
579,Tommy James & The Shondells
580,Aretha Franklin
581,Stevie Wonder
582,The Buckinghams
583,Arthur Conley
584,Sam & Dave
585,The Association
586,Strawberry Alarm Clock
587,The Rolling Stones
588,Vikki Carr
589,Brenton Wood
590,Buffalo Springfield
591,The Supremes
592,The Supremes
593,The Beatles
594,Engelbert Humperdinck
595,Marvin Gaye
595,Tammi Terrell
596,Jefferson Airplane
597,Van Morrison
598,Procol Harum
599,The Buckinghams
600,Diana Ross & The Supremes
601,The Hollies
602,Dionne Warwick
603,The Tremeloes
604,Scott McKenzie
605,The Cowsills
606,Herman's Hermits
607,The Buckinghams
608,Petula Clark
609,Jackie Wilson
610,The Young Rascals
611,The Beatles
612,The Temptations
613,The Seekers
614,Aretha Franklin
615,Lesley Gore
616,The Young Rascals
617,The Hollies
618,The Spencer Davis Group
619,Wilson Pickett
620,The Monkees
621,Aretha Franklin
622,Aaron Neville
623,James Brown
624,Ray Charles
624,Norah Jones
625,Jefferson Airplane
626,Four Tops
627,Sonny & Cher
628,Janis Ian
629,Neil Diamond
630,Marvin Gaye
630,Tammi Terrell
631,The Tremeloes
632,Peter
632, Paul and Mary
633,The Electric Prunes
634,The Monkees
635,Johnny Rivers
636,Tommy James & The Shondells
637,Tom Jones
638,Petula Clark
639,Neil Diamond
640,The Beatles
641,Otis Redding
642,Herb Alpert & The Tijuana Brass
643,Simon & Garfunkel
644,Jeannie C. Riley
645,The Doors
646,The Box Tops
647,Sly & The Family Stone
648,The Temptations
649,The Delfonics
650,The Vogues
651,Diana Ross & The Supremes
652,Georgie Fame
653,Mary Hopkin
654,Steppenwolf
655,Sergio Mendes & Brasil '66
656,Johnny Nash
657,The Troggs
658,Dionne Warwick
659,The Lemon Pipers
660,Friend & Lover
661,The Rolling Stones
662,Richard Harris
663,José Feliciano
664,Percy Sledge
665,Status Quo
666,Blue Cheer
667,Marvin Gaye
667,Tammi Terrell
668,James Brown
669,Bee Gees
670,The Beatles
671,Steppenwolf
672,Tom Jones
673,Sam & Dave
674,Sergio Mendes & Brasil '66
675,Eric Burdon & the Animals
676,The Cowsills
677,The Irish Rovers
678,The Beatles
679,Marvin Gaye
679,Tammi Terrell
680,Dionne Warwick
681,Manfred Mann
682,Aretha Franklin
683,Aretha Franklin
684,Gary Lewis & The Playboys
685,Big Brother & The Holding Company
685,Janis Joplin
686,The Archies
687,The Temptations
688,The Rolling Stones
689,Sly & The Family Stone
690,Tommy Roe
691,Sly & The Family Stone
692,Tom Jones
693,Tommy James & The Shondells
694,Three Dog Night
695,Tommy James & The Shondells
696,The Cowsills
697,Marvin Gaye
698,Elvis Presley
699,Creedence Clearwater Revival
700,The Isley Brothers
701,Neil Diamond
702,Oliver
703,Creedence Clearwater Revival
704,The Beatles
705,Zager & Evans
706,Blood
706, Sweat & Tears
707,Andy Kim
708,Creedence Clearwater Revival
709,Stevie Wonder
710,Three Dog Night
711,Elvis Presley
712,Johnny Cash
713,Oliver
714,Blood
714, Sweat & Tears
715,Jackie DeShannon
716,The Doors
717,Sammy Davis Jr.
718,Bob Dylan
719,Cass Elliot
720,Jay & The Americans
721,The Temptations
722,Glen Campbell
723,Lou Christie
724,Ray Stevens
725,Dionne Warwick
725,Phil Driscoll
726,James Brown
727,Edwin Starr
728,Marvin Gaye
729,Tony Joe White
730,Kenny Rogers
731,Joe South
732,The Beatles
733,The Beatles
734,Diana Ross & The Supremes
734,The Temptations
735,Marvin Gaye
736,Tom Jones
737,David Ruffin
738,The Box Tops
739,B.J. Thomas
740,Simon & Garfunkel
741,Carpenters
742,B.J. Thomas
743,Edwin Starr
744,Diana Ross
745,The Jackson 5
746,Rare Earth
747,The Beatles
748,Freda Payne
749,Three Dog Night
750,Ray Stevens
751,Bread
752,The Jackson 5
753,The Jackson 5
754,The Dawn
754,Tony Orlando & Dawn
755,Eric Burdon
755,War
756,Norman Greenbaum
757,The Temptations
758,The Jackson 5
759,Shocking Blue
760,John Lennon
760,Yoko Ono
761,Brook Benton
762,Kenny Rogers & The First Edition
763,Sing Karaoke Sing
764,Edison Lighthouse
765,Anne Murray
766,Marmalade
767,The Hollies
768,Badfinger
769,The Kinks
770,Mungo Jerry
771,R. Dean Taylor
772,Rare Earth
773,Four Tops
774,Chicago
775,Frijid Pink
776,Chicago
777,White Plains
778,Brotherhood of Man
779,Carpenters
779,Royal Philharmonic Orchestra
780,James Taylor
781,Gene Chandler
782,B.J. Thomas
783,The Spinners
784,Mountain
785,Ike & Tina Turner
786,Joe Cocker
787,Christie
788,The Ides Of March
789,The Supremes
790,The Temptations
791,Tom Jones
792,Crosby
792, Stills
792, Nash & Young
793,Dionne Warwick
794,Joe South
795,B.B. King
795,Tracy Chapman
796,Glen Campbell
797,Aretha Franklin
798,Three Dog Night
799,The Osmonds
800,Bee Gees
801,Donny Osmond
802,John Denver
803,The Temptations
804,Tony Orlando & Dawn
805,Janis Joplin
806,Al Green
807,The Undisputed Truth
808,The Rolling Stones
809,James Taylor
810,Jean Knight
811,Lee Michaels
812,Joan Baez
813,Marvin Gaye
814,Bill Withers
814,Lido
815,Tom Jones
816,Murray Head
816,Andrew Lloyd Webber
816,Tim Rice
816,The Trinidad Singers
817,Carpenters
818,Donny Osmond
819,Carpenters
820,Gordon Lightfoot
821,Carpenters
822,The Jackson 5
823,Lynn Anderson
824,Ringo Starr
825,Nitty Gritty Dirt Band
826,The Dramatics
827,Carly Simon
828,Stevie Wonder
829,Aretha Franklin
830,Helen Reddy
831,The Osmonds
832,Ike & Tina Turner
833,Stampeders
834,Bread
835,Marvin Gaye
836,Freda Payne
837,Rare Earth
838,Three Dog Night
839,Andy Williams
840,Olivia Newton-John
841,Matthews' Southern Comfort
842,Judy Collins
843,Dave Edmunds
844,Bee Gees
845,The Fortunes
846,The Jackson 5
847,Gladys Knight & The Pips
848,The Doors
849,Richie Havens
850,The Doors
851,Perry Como
852,Roberta Flack
853,Gilbert O'Sullivan
854,Don McLean
855,Sammy Davis Jr.
856,Bill Withers
857,Mac Davis
858,Wayne Newton
859,Al Green
860,The Chi-Lites
861,Chuck Berry
862,Neil Young
863,The Staple Singers
864,Michael Jackson
865,The Hollies
866,Neil Diamond
867,America
867,George Martin
868,The Moody Blues
869,The O'Jays
870,The Osmonds
871,Jonathan Edwards
872,Elton John
873,Michael Jackson
874,Arlo Guthrie
875,Johnny Nash
876,Elvis Presley
877,Betty Wright
878,Argent
879,Bread
880,The Dramatics
881,Al Green
882,T. Rex
883,Paul Simon
884,Roberta Flack
884,Donny Hathaway
885,Al Green
886,Derek & The Dominos
887,Aretha Franklin
888,Cher
889,Three Dog Night
890,Dr. Hook
891,Carpenters
892,Donny Osmond
893,Jim Croce
894,Commander Cody and His Lost Planet Airmen
895,Sonny & Cher
896,Carly Simon
897,Three Dog Night
898,Alice Cooper
899,Chicago
900,Bill Withers
901,Sly & The Family Stone
902,Redbone
903,Curtis Mayfield
904,Harry Chapin
905,Bobby Vinton
906,Todd Rundgren
907,Sailcat
908,Yes
909,Jackson Browne
910,Rick Springfield
911,Jim Croce
912,Roberta Flack
913,Marvin Gaye
914,Paul McCartney
914,Wings
915,Kris Kristofferson
916,Elton John
917,Billy Preston
918,Carly Simon
919,Diana Ross
920,Helen Reddy
921,Billy Paul
922,Dobie Gray
923,Stevie Wonder
924,Cher
925,Grand Funk Railroad
926,Dr. John
927,Stevie Wonder
928,Paul Simon
929,Maureen McGovern
930,John Denver
931,Stealers Wheel
932,Three Dog Night
933,The O'Jays
934,Barry White
935,Eddie Kendricks
936,Anne Murray
937,Seals and Crofts
938,George Harrison
939,Sly & The Family Stone
940,Jermaine Jackson
941,Gladys Knight & The Pips
942,The Spinners
943,Elton John
944,Gladys Knight & The Pips
945,Deep Purple
946,Loggins & Messina
947,Chicago
948,Wings
949,Johnnie Taylor
950,Carpenters
951,Four Tops
952,Stevie Wonder
953,Al Green
954,Curtis Mayfield
955,Gilbert O'Sullivan
956,Steely Dan
957,Carpenters
958,Gilbert O'Sullivan
959,Steely Dan
960,Paul Simon
961,Timmy Thomas
962,Tower Of Power
963,Johnny Rivers
964,Allman Brothers Band
965,The Temptations
966,Helen Reddy
967,Ohio Players
968,The Rolling Stones
969,Johnny Nash
970,Pink Floyd
971,The Pointer Sisters
972,The Edgar Winter Group
973,David Bowie
974,Albert Hammond
975,Donny Osmond
976,The Temptations
977,Barbra Streisand
978,Terry Jacks
979,Redbone
980,The Jackson 5
981,Grand Funk Railroad
982,Ray Stevens
983,Elton John
984,Mac Davis
985,Aretha Franklin
986,Kool & The Gang
987,Maria Muldaur
988,Al Wilson
989,David Essex
990,John Denver
991,Blue Magic
992,Blue Swede
992,Björn Skifs
993,Paul McCartney
993,Wings
994,Jim Croce
995,John Denver
996,Paul Anka
996,Odia Coates
997,Olivia Newton-John
998,Gordon Lightfoot
999,Andy Kim
1000,Eddie Kendricks
1001,Ringo Starr
1002,Olivia Newton-John
1003,Cher
1004,Gladys Knight & The Pips
1005,Roberta Flack
1006,Billy Preston
1007,George McCrae
1008,Carpenters
1009,Steve Miller Band
1010,Gladys Knight & The Pips
1011,Three Dog Night
1012,Hues Corporation
1013,Stevie Wonder
1014,Dionne Warwick
1015,Paper Lace
1016,ABBA
1017,The Hollies
1018,Steely Dan
1019,Carly Simon
1019,James Taylor
1020,Joni Mitchell
1021,Anne Murray
1022,Barry White
1023,Helen Reddy
1024,Kool & The Gang
1025,Johnny Bristol
1026,Mocedades
1027,Bachman-Turner Overdrive
1028,Golden Earring
1029,Bobby Womack
1030,The O'Jays
1031,Gladys Knight & The Pips
1032,Chicago
1033,Elton John
1034,Ringo Starr
1035,The O'Jays
1036,Eric Clapton
1037,Paul McCartney
1037,Wings
1038,Elton John
1039,Anne Murray
1040,Todd Rundgren
1041,Jim Croce
1042,Lamont Dozier
1043,Stevie Wonder
1044,Paul McCartney
1044,Wings
1045,First Class
1046,Olivia Newton-John
1046,Babyface
1047,Chicago
1049,Captain & Tennille
1050,Glen Campbell
1051,Elton John
1052,Frankie Valli
1053,Earth
1053, Wind & Fire
1054,David Bowie
1055,Neil Sedaka
1056,John Denver
1057,Bee Gees
1058,Minnie Riperton
1059,Carl Douglas
1060,The Doobie Brothers
1061,Janis Ian
1062,Average White Band
1063,Van McCoy
1064,Patti LaBelle
1065,Stevie Wonder
1066,Helen Reddy
1067,Ohio Players
1068,Carpenters
1069,America
1070,Elton John
1071,Barry Manilow
1072,Olivia Newton-John
1073,Barry Manilow
1074,Harry Chapin
1075,Wings
1076,10cc
1077,Billy Swan
1078,Linda Ronstadt
1079,Barry White
1080,Olivia Newton-John
1081,Linda Ronstadt
1082,Phoebe Snow
1083,Ace
1084,Earth
1084, Wind & Fire
1085,Styx
1086,Grand Funk Railroad
1087,Alice Cooper
1088,KC & The Sunshine Band
1089,Bad Company
1090,James Taylor
1091,Orleans
1092,Average White Band
1093,Gloria Gaynor
1094,Paul Anka
1094,Odia Coates
1095,Grand Funk Railroad
1096,The Three Degrees
1097,Eddie Kendricks
1098,Electric Light Orchestra
1099,America
1100,Tavares
1101,Jethro Tull
1102,Leo Sayer
1103,Elton John
1104,Ray Stevens
1105,Neil Sedaka
1106,Carpenters
1107,Ringo Starr
1108,Frankie Valli
1109,Wings
1110,Elton John
1110,Kiki Dee
1111,Johnnie Taylor
1112,Wild Cherry
1113,The Manhattans
1114,Paul Simon
1115,Daryl Hall & John Oates
1116,Barry Manilow
1117,Diana Ross
1118,Seals and Crofts
1119,Andrea True Connection
1120,England Dan & John Ford Coley
1121,Hot Chocolate
1122,Nazareth
1123,KC & The Sunshine Band
1124,Commodores
1125,Maxine Nightingale
1126,Ohio Players
1127,Bee Gees
1128,Lou Rawls
1129,David Bowie
1130,Dr. Hook
1131,The Bellamy Brothers
1132,Vicki Sue Robinson
1133,Eric Carmen
1134,Dr. Hook
1135,Chicago
1136,Boz Scaggs
1137,Peter Frampton
1138,Aerosmith
1139,The O'Jays
1140,Fleetwood Mac
1141,Paul Anka
1142,Cliff Richard
1143,Elvin Bishop
1144,John Sebastian
1145,Earth
1145, Wind & Fire
1146,Tavares
1147,Captain & Tennille
1148,Bay City Rollers
1149,Elton John
1150,The Staple Singers
1151,Wings
1152,George Benson
1153,Electric Light Orchestra
1154,John Travolta
1155,Fleetwood Mac
1156,The Beatles
1157,Bee Gees
1158,Earth
1158, Wind & Fire
1159,Daryl Hall & John Oates
1160,The Beach Boys
1161,Orleans
1162,Jefferson Starship
1163,Foghat
1164,David Ruffin
1165,Peter Frampton
1166,Candi Staton
1167,Bay City Rollers
1168,Parliament
1169,Barry Manilow
1170,KISS
1171,Thin Lizzy
1172,Steve Miller Band
1173,Glen Campbell
1174,Rod Stewart
1175,Andy Gibb
1176,Thelma Houston
1177,Rita Coolidge
1178,KC & The Sunshine Band
1179,ABBA
1180,Leo Sayer
1181,Jimmy Buffett
1182,Electric Light Orchestra
1183,Stevie Wonder
1184,Glen Campbell
1185,Daryl Hall & John Oates
1186,Leo Sayer
1187,Rose Royce
1188,Steve Miller Band
1189,Foreigner
1190,Climax Blues Band
1191,Commodores
1192,Jennifer Warnes
1193,Natalie Cole
1194,Barry Manilow
1195,Atlanta Rhythm Section
1196,Fleetwood Mac
1197,Brick
1198,Peter Frampton
1199,Kenny Rogers
1200,10cc
1201,James Taylor
1202,Crosby
1202, Stills & Nash
1203,Alice Cooper
1204,Johnny Rivers
1205,Andrew Gold
1206,Stevie Wonder
1207,Fleetwood Mac
1208,Heart
1209,Bob Seger
1210,Helen Reddy
1211,The Marshall Tucker Band
1212,Kansas
1213,Barbra Streisand
1214,Engelbert Humperdinck
1215,Steve Miller Band
1216,Burton Cummings
1217,Elvis Presley
1218,Barry Manilow
1219,Ronnie Milsap
1220,Foreigner
1221,Dean Friedman
1222,Bread
1223,Boz Scaggs
1224,KC & The Sunshine Band
1225,Bay City Rollers
1226,Electric Light Orchestra
1227,Supertramp
1228,Bee Gees
1229,The Spinners
1230,Alice Cooper
1231,Carly Simon
1232,Rose Royce
1233,Captain & Tennille
1234,Aerosmith
1235,Al Stewart
1236,Fleetwood Mac
1237,Elton John
1238,B.J. Thomas
1239,ABBA
1240,Leo Sayer
1241,Andy Gibb
1242,Bee Gees
1243,Bee Gees
1244,Exile
1245,Bee Gees
1246,Player
1247,Andy Gibb
1248,Commodores
1249,Frankie Valli
1250,John Travolta
1250,Olivia Newton-John
1251,Eric Clapton
1252,The Rolling Stones
1253,Billy Joel
1254,Wings
1255,Yvonne Elliman
1256,CHIC
1257,Bonnie Tyler
1258,Gerry Rafferty
1259,Barry Manilow
1260,Johnny Mathis
1260,Deniece Williams
1261,Meat Loaf
1262,Raydio
1263,ABBA
1264,Dan Hill
1265,Olivia Newton-John
1266,Foreigner
1267,Rod Stewart
1268,Roberta Flack
1268,Donny Hathaway
1269,Kansas
1270,Randy Newman
1271,The O'Jays
1272,Natalie Cole
1273,Andy Gibb
1274,Paul Simon
1275,Jay Ferguson
1276,Atlanta Rhythm Section
1277,Bob Seger
1278,The Trammps
1279,George Benson
1280,Styx
1281,Player
1282,Carly Simon
1283,Dolly Parton
1284,Linda Ronstadt
1285,Steely Dan
1286,Anne Murray
1287,"Evelyn ""Champagne"" King"
1288,Little River Band
1289,Jefferson Starship
1290,Eddie Money
1291,John Travolta
1291,Olivia Newton-John
1292,Lynyrd Skynyrd
1293,Crystal Gayle
1294,Patti Smith
1295,Robert Palmer
1296,Barry Manilow
1297,Rick James
1298,Earth
1298, Wind & Fire
1299,Santa Esmeralda
1300,Jackson Browne
1301,Kenny Loggins
1301,Stevie Nicks
1302,Chris Rea
1303,Foxy
1304,Electric Light Orchestra
1305,Joe Walsh
1306,Linda Ronstadt
1307,Parliament
1308,Boston
1309,Electric Light Orchestra
1310,ABBA
1311,Rita Coolidge
1312,Bob Seger
1313,Steely Dan
1314,CHIC
1315,Rod Stewart
1316,Gloria Gaynor
1317,Village People
1318,Anita Ward
1319,Bee Gees
1320,Dr. Hook
1321,The Pointer Sisters
1322,Bee Gees
1323,Olivia Newton-John
1324,Blondie
1325,The Doobie Brothers
1326,CHIC
1327,Barbra Streisand
1327,Neil Diamond
1328,Amii Stewart
1329,Suzi Quatro
1330,Maxine Nightingale
1331,Supertramp
1332,Billy Joel
1333,Raydio
1334,Dionne Warwick
1335,Bee Gees
1336,Cheap Trick
1337,Barbra Streisand
1338,Elton John
1339,Earth
1339, Wind & Fire
1340,Kenny Rogers
1341,Little River Band
1342,Sister Sledge
1343,Dr. Hook
1344,Kenny Rogers
1345,Village People
1346,The Charlie Daniels Band
1347,John Stewart
1348,Wings
1349,Sister Sledge
1350,Bad Company
1351,Hot Chocolate
1352,Cher
1353,Earth
1353, Wind & Fire
1353,The Emotions
1354,Andy Gibb
1355,Bobby Caldwell
1356,Dire Straits
1357,CHIC
1358,Rickie Lee Jones
1359,McFadden & Whitehead
1360,Little River Band
1361,Styx
1362,England Dan & John Ford Coley
1363,Cheryl Lynn
1364,Electric Light Orchestra
1365,Anne Murray
1366,KISS
1367,Gino Vannelli
1368,Linda Ronstadt
1369,Earth
1369, Wind & Fire
1370,Al Stewart
1371,Electric Light Orchestra
1372,Eric Clapton
1373,Ambrosia
1374,Eddie Rabbitt
1375,Alice Cooper
1376,Foreigner
1377,The Babys
1378,Michael Jackson
1379,Barry Manilow
1380,Bob Seger
1381,Van Halen
1382,Diana Ross
1383,Commodores
1384,Firefall
1385,Blondie
1386,Olivia Newton-John
1387,Michael Jackson
1388,Captain & Tennille
1389,Paul McCartney
1390,Lipps Inc.
1391,Billy Joel
1392,Gary Numan
1393,Smokey Robinson
1394,Air Supply
1395,Elton John
1396,Christopher Cross
1397,Diana Ross
1398,KC & The Sunshine Band
1399,Styx
1400,Billy Preston
1400,Syreeta Wright
1401,The Manhattans
1402,Commodores
1403,Dr. Hook
1404,Robbie Dupree
1405,Ambrosia
1406,Kenny Loggins
1407,Jermaine Jackson
1408,Kenny Rogers
1408,Kim Carnes
1409,Christopher Cross
1410,Dan Fogelberg
1411,Kenny Rogers
1412,Kool & The Gang
1413,Barbra Streisand
1413,Donna Summer
1414,Kim Carnes
1415,Pretenders
1416,Stevie Wonder
1417,Shalamar
1418,Cliff Richard
1419,Dr. Hook
1420,Bob Seger
1421,The Rolling Stones
1422,Air Supply
1423,Little River Band
1424,Barry Gibb
1424,Maurice Gibb
1424,Robin Gibb
1424,Andy Gibb
1425,Pete Townshend
1426,Steve Forbert
1427,Anne Murray
1428,Isaac Hayes
1429,Tom Petty and the Heartbreakers
1430,Michael Jackson
1431,Irene Cara
1432,Bob Seger
1433,Linda Ronstadt
1434,Pure Prairie League
1435,Carole King
1436,Billy Joel
1437,Neil Sedaka
1437,Dara Sedaka
1438,Linda Ronstadt
1439,Michael Jackson
1440,Mickey Gilley
1441,Pat Benatar
1442,Dionne Warwick
1443,Eddie Rabbitt
1444,Supertramp
1445,Fleetwood Mac
1446,Daryl Hall & John Oates
1447,Neil Diamond
1448,George Benson
1449,Anne Murray
1450,Kenny Rogers
1451,Fleetwood Mac
1452,The Charlie Daniels Band
1453,Boz Scaggs
1454,Barry Manilow
1455,The Kentucky Linemen
1456,Tom Petty and the Heartbreakers
1457,Kim Carnes
1458,Diana Ross
1459,Kenny Rogers
1460,John Lennon
1461,Rick Springfield
1462,Kool & The Gang
1463,Daryl Hall & John Oates
1464,Eddie Rabbitt
1465,Dolly Parton
1466,REO Speedwagon
1467,Sheena Easton
1468,Smokey Robinson
1469,Blondie
1470,Ray Parker Jr.
1470,Raydio
1471,Blondie
1472,Grover Washington
1472, Jr.
1472,Bill Withers
1473,The Pointer Sisters
1474,Climax Blues Band
1475,John Lennon
1476,ABBA
1477,Neil Diamond
1478,Air Supply
1479,Air Supply
1480,Barbra Streisand
1480,Barry Gibb
1481,Styx
1482,The Oak Ridge Boys
1483,REO Speedwagon
1484,Gino Vannelli
1485,Barbra Streisand
1486,The Manhattan Transfer
1487,Foreigner
1488,Rod Stewart
1489,Commodores
1490,Don McLean
1491,Diana Ross
1492,Daryl Hall & John Oates
1493,Kenny Rogers
1494,Pat Benatar
1495,The Alan Parsons Project
1496,Bruce Springsteen
1497,Leo Sayer
1498,Styx
1499,Dottie West
1499,Kenny Rogers
1500,Journey
1501,Gary U.S. Bonds
1502,Delbert McClinton
1503,Cliff Richard
1504,Neil Diamond
1505,Christopher Cross
1506,The Alan Parsons Project
1507,Eric Clapton
1508,Steve Winwood
1509,Stevie Wonder
1510,Neil Diamond
1511,The Police
1512,Steely Dan
1513,Stevie Wonder
1514,George Harrison
1515,Eddie Rabbitt
1516,Billy Squier
1517,Alabama
1518,Stanley Clarke
1518,George Duke
1519,Dan Fogelberg
1521,Pat Benatar
1522,Barbra Streisand
1522,Barry Gibb
1523,John Lennon
1524,Heart
1525,Ronnie Milsap
1526,Barry Manilow
1527,Daryl Hall & John Oates
1528,Olivia Newton-John
1528,Cliff Richard
1529,Sheena Easton
1530,The Beach Boys
1531,Sheena Easton
1532,Rosanne Cash
1533,Diana Ross
1534,Boz Scaggs
1535,Andy Gibb
1536,Olivia Newton-John
1537,Survivor
1538,Joan Jett & The Blackhearts
1539,Paul McCartney
1540,The J. Geils Band
1541,The Human League
1542,Steve Miller Band
1543,Chicago
1544,Soft Cell
1545,Daryl Hall & John Oates
1546,Foreigner
1547,Rick Springfield
1548,Willie Nelson
1549,The Cars
1550,Dazz Band
1551,The Go-Go's
1552,Ray Parker Jr.
1553,George Benson
1554,Air Supply
1555,The Motels
1556,Men At Work
1557,Fleetwood Mac
1558,The Alan Parsons Project
1559,Earth
1559, Wind & Fire
1560,Journey
1561,Dan Fogelberg
1562,Stevie Nicks
1563,Air Supply
1564,Little River Band
1565,Stevie Wonder
1566,Daryl Hall & John Oates
1567,Lindsey Buckingham
1568,Roberta Flack
1569,Rod Stewart
1570,REO Speedwagon
1571,Huey Lewis & The News
1572,Diana Ross
1573,Alabama
1574,Crosby
1574, Stills & Nash
1575,Eddie Money
1576,Karla Bonoff
1577,Elton John
1578,The Go-Go's
1579,America
1580,Daryl Hall & John Oates
1581,A Flock Of Seagulls
1582,Jackson Browne
1583,Commodores
1584,Paul McCartney
1585,Kenny Rogers
1586,Journey
1587,Barbra Streisand
1588,Laura Branigan
1589,Elton John
1590,Neil Diamond
1591,Joan Jett & The Blackhearts
1592,The Police
1593,Air Supply
1594,Michael McDonald
1595,Kool & The Gang
1596,Ronnie Milsap
1597,Olivia Newton-John
1598,Diana Ross
1599,The Go-Go's
1600,Van Halen
1601,The Pointer Sisters
1602,Billy Idol
1603,Kim Wilde
1604,Little River Band
1605,The Rolling Stones
1606,Stevie Wonder
1607,Loverboy
1608,Christopher Cross
1609,Kenny Rogers
1610,Stevie Nicks
1611,The Police
1612,Michael Jackson
1613,Irene Cara
1614,Men At Work
1615,Michael Jackson
1616,Bonnie Tyler
1617,Daryl Hall & John Oates
1618,Eurythmics
1618,Annie Lennox
1618,Dave Stewart
1619,Culture Club
1620,Eddie Rabbitt
1620,Crystal Gayle
1621,Dexys Midnight Runners
1622,Bob Seger
1623,Sérgio Mendes
1624,David Bowie
1625,Golden Earring
1626,Dubstep Kings
1627,Thomas Dolby
1628,Pretenders
1629,Joe Cocker
1629,Jennifer Warnes
1630,Styx
1631,Lionel Richie
1632,After The Fire
1633,Marvin Gaye
1634,The Human League
1635,Culture Club
1636,Men Without Hats
1637,Toni Basil
1638,Phil Collins
1639,Journey
1640,Daryl Hall & John Oates
1641,Kenny Rogers
1641,Sheena Easton
1642,Stray Cats
1643,Billy Joel
1644,Stevie Nicks
1645,Billy Joel
1646,Lionel Richie
1647,Don Henley
1648,Michael Jackson
1648,Paul McCartney
1649,Kajagoogoo
1650,Adam Ant
1651,The Clash
1652,Men At Work
1653,Laura Branigan
1654,Rick Springfield
1655,The Tubes
1656,Laura Branigan
1657,Styx
1658,Laura Branigan
1659,David Bowie
1660,The Kinks
1661,Little River Band
1662,Air Supply
1663,Daryl Hall & John Oates
1664,Michael Jackson
1665,Christopher Cross
1666,Bryan Adams
1667,Kenny Loggins
1668,Lionel Richie
1669,Elton John
1670,Loverboy
1671,Men At Work
1672,Culture Club
1673,DeBarge
1674,Sammy Hagar
1675,Dionne Warwick
1676,Journey
1677,Joe Jackson
1678,Stray Cats
1679,Shalamar
1680,Jackson Browne
1681,Moving Pictures
1682,Michael Jackson
1683,Def Leppard
1684,Musical Youth
1685,Spandau Ballet
1686,Eric Clapton
1687,Peabo Bryson
1687,Roberta Flack
1688,Tom Petty and the Heartbreakers
1689,Joe Jackson
1690,Earth
1690, Wind & Fire
1691,Tina Turner
1692,Paul McCartney
1692,Michael Jackson
1693,Kenny Loggins
1694,Phil Collins
1695,Van Halen
1696,Lionel Richie
1697,Yes
1698,Ray Parker Jr.
1699,Culture Club
1700,John Waite
1701,Lionel Richie
1702,Deniece Williams
1703,Bruce Springsteen
1704,Cyndi Lauper
1705,Cyndi Lauper
1706,The Pointer Sisters
1707,Laura Branigan
1708,Daryl Hall & John Oates
1709,Thompson Twins
1710,Kool & The Gang
1711,Stevie Wonder
1712,Rockwell
1713,Nena
1714,Dan Hartman
1715,Sheila E.
1716,Lionel Richie
1717,Elton John
1718,Cyndi Lauper
1719,Madonna
1720,Corey Hart
1721,Billy Idol
1722,Eurythmics
1722,Annie Lennox
1722,Dave Stewart
1723,Billy Joel
1724,Night Ranger
1725,The Cars
1726,Olivia Newton-John
1727,Chicago
1728,Peabo Bryson
1729,The Pointer Sisters
1730,Shannon
1731,Julio Iglesias
1731,Willie Nelson
1732,Billy Ocean
1733,Lionel Richie
1734,Elton John
1735,Huey Lewis & The News
1736,Dolly Parton
1736,Kenny Rogers
1737,Pat Benatar
1738,Rod Stewart
1738,John Guess
1739,ZZ Top
1740,Rick Springfield
1741,Culture Club
1742,Huey Lewis & The News
1743,The Cars
1744,Madonna
1745,Bruce Springsteen
1746,Quiet Riot
1747,Irene Cara
1748,Daryl Hall & John Oates
1749,Billy Joel
1750,Bananarama
1751,Wang Chung
1752,The Pointer Sisters
1753,Ray Parker Jr.
1754,Michael Jackson
1755,Madonna
1756,John Lennon
1757,Culture Club
1758,Christopher Cross
1759,DeBarge
1760,The Police
1761,John Mellencamp
1762,The Go-Go's
1763,Billy Joel
1764,Kool & The Gang
1765,Shalamar
1766,The Rolling Stones
1767,John Cafferty & the Beaver Brown Band
1768,Peter Schilling
1769,The Cars
1770,Night Ranger
1771,Billy Squier
1772,Madonna
1773,Foreigner
1774,Chaka Khan
1775,Daryl Hall & John Oates
1776,Tears For Fears
1777,Dire Straits
1778,Madonna
1779,a-ha
1780,Paul Young
1781,REO Speedwagon
1782,Starship
1783,Huey Lewis & The News
1784,Simple Minds
1785,Kool & The Gang
1786,John Parr
1787,Glenn Frey
1788,Tears For Fears
1789,Stevie Wonder
1790,Whitney Houston
1791,Bryan Adams
1792,New Edition
1793,Billy Ocean
1794,Abstract Truth
1795,Glenn Frey
1796,Ready For The World
1797,DeBarge
1798,Phil Collins
1799,Chicago
1800,The Pointer Sisters
1801,Pat Benatar
1802,Commodores
1803,Howard Jones
1804,Aretha Franklin
1805,Corey Hart
1806,Phil Collins
1807,Sheena Easton
1808,Whitney Houston
1809,Survivor
1810,Diana Ross
1811,Phil Collins
1811,Marilyn Martin
1812,Billy Ocean
1813,Don Henley
1814,Murray Head
1815,Animotion
1816,Tina Turner
1817,Madonna
1818,Tina Turner
1819,Tears For Fears
1819,Dave Bascombe
1820,Sade
1821,Mary Jane Girls
1822,Phil Collins
1823,Cyndi Lauper
1824,Bryan Adams
1825,Bruce Springsteen
1826,Kool & The Gang
1827,Eurythmics
1827,Annie Lennox
1827,Dave Stewart
1828,Paul McCartney
1829,Survivor
1830,Bryan Adams
1831,Katrina & The Waves
1832,Ashford & Simpson
1833,Madonna
1834,Bruce Springsteen
1835,Daryl Hall & John Oates
1836,Thompson Twins
1837,DeBarge
1838,John Mellencamp
1839,Heart
1840,Kool & The Gang
1841,Jermaine Jackson
1842,Bruce Springsteen
1843,Tina Turner
1844,Aretha Franklin
1845,Lionel Richie
1846,Don Henley
1847,Madonna
1848,Night Ranger
1849,Sheena Easton
1850,Lionel Richie
1851,Patti LaBelle
1852,Mr. Mister
1853,Whitney Houston
1854,Eddie Murphy
1855,Survivor
1856,Mr. Mister
1857,Robert Palmer
1857,Eric 'ET' Thorngren
1858,Whitney Houston
1859,Atlantic Starr
1860,Peter Cetera
1861,Pet Shop Boys
1862,Billy Ocean
1863,Simple Minds
1864,Heart
1865,Steve Winwood
1866,Huey Lewis & The News
1867,Simply Red
1868,Peter Gabriel
1869,Starship
1870,The Human League
1871,Nu Shooz
1872,Berlin
1873,Madonna
1874,Bon Jovi
1875,Billy Ocean
1876,Janet Jackson
1877,Heart
1878,Madonna
1879,Belinda Carlisle
1880,Level 42
1881,Bananarama
1882,Lionel Richie
1883,Miami Sound Machine
1884,Cyndi Lauper
1885,Kenny Loggins
1886,Janet Jackson
1887,Howard Jones
1888,Robert Palmer
1889,Miami Sound Machine
1890,The Bangles
1891,Dire Straits
1892,Boston
1893,Stacey Q
1894,Orchestral Manoeuvres In The Dark
1895,Sade
1896,INXS
1897,Stevie Nicks
1898,Janet Jackson
1899,Eddie Money
1900,Scritti Politti
1901,James Brown
1902,El DeBarge
1903,Cameo
1904,Van Halen
1905,Tina Turner
1906,John Mellencamp
1907,Baltimora
1908,Michael McDonald
1909,Madonna
1910,Miami Sound Machine
1911,ZZ Top
1912,The Cars
1913,Rod Stewart
1913,Bob Ezrin
1913,David TIckle
1914,Sheila E.
1915,Elton John
1916,Phil Collins
1917,Run–D.M.C.
1917,Aerosmith
1918,Anita Baker
1919,The Moody Blues
1920,Ameritz Karaoke Entertainment
1921,Daryl Hall
1922,Force M.D.'s
1923,Thompson Twins
1924,Lionel Richie
1925,George Michael
1926,Stevie Wonder
1927,The Bangles
1928,Heart
1929,Whitney Houston
1930,Starship
1931,Robbie Nevil
1932,Whitesnake
1933,Karaoke - Bruce Hornsby & The Range
1934,Bob Seger
1935,Bon Jovi
1936,Los Lobos
1937,Wang Chung
1938,Crowded House
1939,Atlantic Starr
1940,U2
1941,Jody Watley
1941,Louil Silas Jr.
1942,Billy Idol
1943,Chris de Burgh
1944,Whitney Houston
1945,U2
1946,George Michael
1947,Peter Cetera
1947,Amy Grant
1948,Madonna
1949,Cutting Crew
1950,Kim Wilde
1951,The Georgia Satellites
1952,Aretha Franklin
1953,Janet Jackson
1954,Linda Ronstadt
1954,James Ingram
1955,Huey Lewis & The News
1956,Madonna
1957,Michael Jackson
1957,Siedah Garrett
1958,Madonna
1959,Janet Jackson
1960,Huey Lewis & The News
1961,Chicago
1962,Fleetwood Mac
1963,Suzanne Vega
1964,Bananarama
1965,Richard Marx
1966,Madonna
1967,Michael Jackson
1968,Cyndi Lauper
1969,Dan Hill
1969,Vonda Shepard
1970,Billy Idol
1971,Ameritz Karaoke Hits
1972,Swing Out Sister
1973,Ben E. King
1974,Gloria Estefan And Miami Sound Machine
1974,Miami Sound Machine
1975,Bon Jovi
1976,Peter Gabriel
1977,Steve Winwood
1978,Survivor
1979,Herb Alpert
1979,Janet Jackson
1980,Fleetwood Mac
1981,Lou Gramm
1982,Crowded House
1983,Bryan Adams
1984,Bruce Springsteen
1985,Smokey Robinson
1986,Bruce Willis
1987,Kool & The Gang
1988,Pretenders
1989,Huey Lewis & The News
1990,Breakfast Club
1991,Lionel Richie
1992,Kenny Loggins
1993,Cutting Crew
1994,Beastie Boys
1995,Ready For The World
1995,Louil Silas Jr.
1996,George Michael
1997,INXS
1998,George Harrison
1999,Rick Astley
2000,Guns N' Roses
2001,Whitney Houston
2002,Belinda Carlisle
2003,Breathe
2004,Steve Winwood
2005,George Michael
2006,Terence Trent D'Arby
2007,Zoom Karaoke
2008,Cheap Trick
2009,Billy Ocean
2010,Whitesnake
2011,Def Leppard
2012,Taylor Dayne
2013,Michael Jackson
2014,Robert Palmer
2015,Richard Marx
2016,Johnny Hates Jazz
2017,George Michael
2018,Phil Collins
2019,Def Leppard
2020,Richard Marx
2021,Whitney Houston
2022,Aerosmith
2023,The Bangles
2024,Michael Jackson
2025,Bobby McFerrin
2026,UB40
2027,Bon Jovi
2028,The Beach Boys
2029,Elton John
2030,Rick Astley
2030,Pete Hammond
2031,George Michael
2032,INXS
2033,Richard Marx
2033,David Cole
2034,Chicago
2035,Kylie Minogue
2036,Pet Shop Boys
2036,Dusty Springfield
2037,Information Society
2038,Taylor Dayne
2039,Jody Watley
2039,Michael Hutchinson
2039,Francois Kevorkian
2040,U2
2041,Belinda Carlisle
2042,Terence Trent D'Arby
2043,Pebbles
2044,Michael Jackson
2045,Pebbles
2046,Huey Lewis & The News
2047,INXS
2048,New Edition
2049,Peter Cetera
2050,Cheap Trick
2051,Elton John
2052,Daryl Hall & John Oates
2053,Foreigner
2054,Keith Sweat
2055,Natalie Cole
2056,Tracy Chapman
2057,ICEHOUSE
2058,Ameritz Karaoke Hits
2059,Bobby Brown
2060,Pet Shop Boys
2061,Van Halen
2062,Paul Carrack
2063,Joan Jett & The Blackhearts
2064,Foreigner
2065,Steve Winwood
2066,Whitney Houston
2067,Zoom Karaoke
2068,George Michael
2069,Cher
2070,INXS
2071,Steve Winwood
2072,Poison
2073,Taylor Dayne
2074,Chicago
2075,Bobby Brown
2076,Poison
2077,Paula Abdul
2078,Janet Jackson
2079,Paula Abdul
2080,Milli Vanilli
2081,Anita Baker
2082,Richard Marx
2083,Gloria Estefan
2084,Milli Vanilli
2085,Roxette
2086,Fine Young Cannibals
2087,Bobby Brown
2088,Phil Collins
2089,Milli Vanilli
2090,Roxette
2091,Bon Jovi
2092,Madonna
2093,New Kids On The Block
2094,Breathe
2095,Milli Vanilli
2096,Paula Abdul
2097,The Bangles
2098,Tone-Loc
2099,Bad English
2100,Cher
2101,Neneh Cherry
2102,Taylor Dayne
2103,Bon Jovi
2104,Fine Young Cannibals
2105,Sheena Easton
2106,Young MC
2107,Great White
2108,Jody Watley
2108,Louil Silas Jr.
2109,Bobby Brown
2110,New Kids On The Block
2111,Young Sexy Turks
2112,Love and Rockets
2113,New Kids On The Block
2114,Def Leppard
2115,Richard Marx
2116,Madonna
2117,Donny Osmond
2118,Tears For Fears
2119,Madonna
2120,Skid Row
2121,Tone-Loc
2122,The Bangles
2123,Natalie Cole
2124,The Jeff Healey Band
2125,Guns N' Roses
2126,Eddie Money
2127,New Kids On The Block
2128,Guns N' Roses
2129,Surface
2130,Lita Ford
2130,Ozzy Osbourne
2131,Cher
2131,Peter Cetera
2132,Bobby Brown
2133,Aerosmith
2134,Bon Jovi
2135,Edie Brickell & New Bohemians
2136,Guns N' Roses
2137,Rick Astley
2138,Babyface
2139,Alice Cooper
2140,Michael Jackson
2141,Bobby Brown
2142,Don Henley
2143,Soul II Soul
2143,Caron Wheeler
2144,Wilson Phillips
2145,Roxette
2146,Sinéad O'Connor
2147,Bell Biv DeVoe
2148,Madonna
2149,Mariah Carey
2150,Phil Collins
2151,En Vogue
2152,Billy Idol
2153,Jon Bon Jovi
2154,Bell Biv DeVoe
2155,Michael Bolton
2156,Technotronic
2157,Paula Abdul
2158,Janet Jackson
2159,Heart
2160,Maxi Priest
2161,Alannah Myles
2162,Wilson Phillips
2163,Linda Ronstadt
2163,Aaron Neville
2164,Lisa Stansfield
2164,Ian Devaney
2164,Andy Morris
2165,Johnny Gill
2166,Sweet Sensation
2167,Nelson
2168,Taylor Dayne
2169,Poison
2170,New Kids On The Block
2171,Roxette
2172,Billy Joel
2173,Rod Stewart
2174,Janet Jackson
2175,Jody Watley
2176,Luther Vandross
2177,Janet Jackson
2178,Vanilla Ice
2179,Milli Vanilli
2180,MC Hammer
2181,Taylor Dayne
2182,Janet Jackson
2183,George Michael
2184,Michael Bolton
2185,Phil Collins
2186,MC Hammer
2187,Phil Collins
2188,Lou Gramm
2189,Phil Collins
2190,Janet Jackson
2191,Aerosmith
2192,Digital Underground
2193,Taylor Dayne
2194,Tom Petty
2195,Pebbles
2196,Depeche Mode
2196,Daniel Miller
2196,Phil Legg
2197,Tesla
2198,Bad English
2199,Go West
2200,Chicago
2201,Skid Row
2202,Gloria Estefan
2203,Faith No More
2204,Mariah Carey
2205,Cher
2206,The B-52's
2207,Milli Vanilli
2208,Billy Joel
2209,Babyface
2210,Paul Young
2211,Paula Abdul
2212,Michael Bolton
2213,Keith Sweat
2214,New Kids On The Block
2215,Aerosmith
2216,KISS
2217,Biz Markie
2218,Mötley Crüe
2219,Jive Bunny and the Mastermixers
2220,Mellow Man Ace
2221,Bryan Adams
2222,C+C Music Factory (Presenting Freedom Williams)
2223,Paula Abdul
2224,EMF
2225,Extreme
2226,Surface
2227,Boyz II Men
2228,Stevie B
2229,Mariah Carey
2230,Whitney Houston
2231,Jesus Jones
2232,Janet Jackson
2233,Marky Mark And The Funky Bunch
2233,Loleatta Holloway
2234,Madonna
2235,Mariah Carey
2236,Roxette
2237,Mariah Carey
2238,Wilson Phillips
2239,Amy Grant
2240,Gloria Estefan
2241,Lenny Kravitz
2242,C & C Music Factory
2242,Freedom Williams
2243,Céline Dion
2244,Paula Abdul
2245,Whitney Houston
2246,Firehouse
2247,Roxette
2248,Extreme
2249,Wilson Phillips
2250,Michael Bolton
2251,Rod Stewart
2252,Divinyls
2253,Bonnie Raitt
2254,Nelson
2255,Vanilla Ice
2256,Bryan Adams
2257,The KLF
2258,Michael Bolton
2259,LL Cool J
2260,Styx
2261,Mariah Carey
2262,Rick Astley
2263,UB40
2264,UB40
2265,Tesla
2266,Keith Sweat
2267,Michael W. Smith
2268,Poison
2269,Chris Isaak
2270,Oleta Adams
2271,Tevin Campbell
2272,Queensrÿche
2273,Jesus Jones
2274,Aaron Neville
2275,INXS
2276,Deee-Lite
2277,Chesney Hawkes
2278,Naughty By Nature
2279,George Michael
2280,Salt-N-Pepa
2281,Rod Stewart
2282,Boyz II Men
2283,Sir Mix-A-Lot
2284,Kris Kross
2285,Eric Clapton
2286,En Vogue
2287,Red Hot Chili Peppers
2288,Jon Secada
2289,Shanice
2290,Mr. Big
2291,Right Said Fred
2292,Michael Jackson
2293,Billy Ray Cyrus
2294,Mariah Carey
2294,Trey Lorenz
2295,Guns N' Roses
2296,Tom Cochrane
2297,Michael Jackson
2298,CeCe Peniston
2299,Madonna
2300,Mariah Carey
2301,House Of Pain
2302,George Michael
2302,Elton John
2303,Atlantic Starr
2304,Céline Dion
2305,En Vogue
2306,Nirvana
2307,Bobby Brown
2308,Sophie B. Hawkins
2309,Boyz II Men
2310,Technotronic
2311,Arrested Development
2312,Superstar
2313,Mariah Carey
2314,Elton John
2314,George Michael
2315,P.M. Dawn
2316,Shakespears Sister
2317,Mint Condition
2318,P.M. Dawn
2319,Amy Grant
2320,Michael Bolton
2321,Richard Marx
2322,U2
2323,George Michael
2324,The Heights
2325,U2
2326,CeCe Peniston
2327,Kris Kross
2328,Michael Jackson
2329,Arrested Development
2330,Marky Mark And The Funky Bunch
2331,Bryan Adams
2332,Paula Abdul
2333,Bryan Adams
2334,Michael Bolton
2334,Kenny G
2335,N2DEEP
2336,Richard Marx
2337,Firehouse
2338,Jade
2339,Boyz II Men
2340,Mary J. Blige
2341,The KLF
2342,Amy Grant
2343,Richard Marx
2344,En Vogue
2345,Keith Sweat
2346,Mr. Big
2347,Amy Grant
2348,CeCe Peniston
2349,Def Leppard
2350,Das EFX
2351,Bonnie Raitt
2352,Whitney Houston
2353,UB40
2354,Janet Jackson
2355,SWV
2356,Shai
2357,Mariah Carey
2358,Wreckx-N-Effect
2359,Snow
2360,Dr. Dre
2360,Snoop Dogg
2361,Boyz II Men
2362,Jade
2363,Jodeci
2364,Robin S
2365,Peabo Bryson
2365,Regina Belle
2366,Janet Jackson
2367,SWV
2368,Soul Asylum
2369,Billy Joel
2370,Spin Doctors
2371,Whitney Houston
2372,Arrested Development
2373,Rod Stewart
2374,Shanice
2375,Meat Loaf
2376,Onyx
2377,P.M. Dawn
2378,Whitney Houston
2379,Shai
2380,Tina Turner
2381,P.M. Dawn
2382,Naughty By Nature
2383,Toni Braxton
2384,Michael Jackson
2384,Cleveland Orchestra
2385,Bobby Brown
2386,4 Non Blondes
2387,Ace of Base
2388,Dr. Dre
2389,Brian McKnight
2390,Xscape
2391,2Pac
2391,Digital Underground
2392,Bon Jovi
2393,Mary J. Blige
2394,Aerosmith
2395,Zhané
2396,Cypress Hill
2397,Madonna
2398,Madonna
2399,Inner Circle
2400,Jon Secada
2401,Jon Secada
2402,Janet Jackson
2403,Restless Heart
2404,Inner Circle
2405,Ice Cube
2406,Captain Hollywood Project
2407,The Heights
2408,Digable Planets
2409,Haddaway
2410,Michael Bolton
2411,En Vogue
2412,Kris Kross
2413,Ice Cube
2413,Das EFX
2414,Go West
2415,Rod Stewart
2416,Tears For Fears
2417,Aerosmith
2418,Gin Blossoms
2419,Jade
2420,Taylor Dayne
2421,Def Leppard
2422,Ace of Base
2423,Boyz II Men
2424,Céline Dion
2425,Mariah Carey
2426,Lisa Loeb
2427,Toni Braxton
2428,Rock Angels
2429,Ace of Base
2430,Ace of Base
2431,R. Kelly
2432,Janet Jackson
2433,Madonna
2434,Salt-N-Pepa
2434,En Vogue
2435,John Mellencamp
2435,Meshell Ndegeocello
2436,Toni Braxton
2437,Elton John
2438,Coolio
2439,Big Mountain
2439,Tom Lord-Alge
2440,Warren G
2440,Nate Dogg
2441,Jon Secada
2442,Aaliyah
2443,Richard Marx
2444,Babyface
2445,Bryan Adams
2446,Salt-N-Pepa
2447,Collective Soul
2448,Michael Bolton
2449,Enigma
2450,Sheryl Crow
2451,Crash Test Dummies
2452,Tevin Campbell
2453,Meat Loaf
2454,10
2454,000 Maniacs
2455,Melissa Etheridge
2456,Changing Faces
2457,Tevin Campbell
2458,Mariah Carey
2459,Janet Jackson
2460,The Cranberries
2461,Gin Blossoms
2462,Snoop Dogg
2462,Daz Dillinger
2463,Bruce Springsteen
2464,Luther Vandross
2464,Mariah Carey
2465,Xscape
2466,Warren G
2466,O.G.L.B.
2467,Jodeci
2468,2Pac
2469,R. Kelly
2470,69 Boyz
2471,Jimmy Cliff
2472,Babyface
2473,Aerosmith
2474,Xscape
2475,Aaliyah
2476,Meat Loaf
2477,Aerosmith
2478,Erasure
2479,Zhané
2480,Gabrielle
2481,Culture Beat
2482,Tom Petty and the Heartbreakers
2483,SWV
2483,Allen Gordon
2483," Jr. aka ""ALLSTAR"""
2483,Arty Skye
2484,Craig Mack
2485,Queen Latifah
2486,Madonna
2487,Ini Kamoze
2487,Salaam Remi
2488,Phil Collins
2489,Tim McGraw
2490,Heavy D & The Boyz
2491,Tim McGraw
2492,Bon Jovi
2493,Melissa Etheridge
2494,Bonnie Raitt
2495,Tevin Campbell
2496,Haddaway
2497,Babyface
2498,Ice Cube
2498,George Clinton
2499,Brandy
2500,Coolio
2500,L.V.
2501,Boyz II Men
2502,Mariah Carey
2503,Madonna
2504,Montell Jordan
2504,Wino
2505,Boyz II Men
2506,Adina Howard
2507,Blues Traveler
2508,Bryan Adams
2509,Bon Jovi
2510,Des'ree
2511,Michael Jackson
2512,Hootie & The Blowfish
2513,Ini Kamoze
2513,Salaam Remi
2514,Soul For Real
2515,Hootie & The Blowfish
2516,Blessid Union Of Souls
2516,David Kershenbaum
2517,Janet Jackson
2518,Sheryl Crow
2519,Jon B.
2519,Babyface
2520,Hootie & The Blowfish
2521,Brownstone
2522,Luniz
2522,Michael Marshall
2523,Brandy
2524,Sophie B. Hawkins
2525,Collective Soul
2526,Diana King
2527,Melissa Etheridge
2528,Soul For Real
2529,Brandy
2530,Boyz II Men
2531,Dr. Dre
2532,Del Amitri
2533,Jodeci
2534,Skee-Lo
2535,Elton John
2536,Natalie Merchant
2537,Tom Petty
2538,Take That
2539,69 Boyz
2540,Total
2540,The Notorious B.I.G.
2541,Sheryl Crow
2542,Bon Jovi
2543,Madonna
2544,Junior M.A.F.I.A.
2545,Naughty By Nature
2546,Jade
2547,Brandy
2547,Wanya Morris
2548,Annie Lennox
2549,Faith Evans
2550,U2
2551,Better Than Ezra
2552,Gloria Estefan
2553,Bone Thugs-N-Harmony
2554,Firehouse
2555,Rednex
2556,Boyz II Men
2557,Pretenders
2557,Bob Clearmountain
2558,Brandy
2559,Soul Asylum
2560,Van Halen
2561,Mariah Carey
2561,Boyz II Men
2562,Céline Dion
2563,Mariah Carey
2564,Tracy Chapman
2565,Bone Thugs-N-Harmony
2566,Keith Sweat
2567,Everything But The Girl
2568,Alanis Morissette
2569,Whitney Houston
2570,Brandy
2571,Céline Dion
2572,Eric Clapton
2573,LL Cool J
2573,Boyz II Men
2574,LL Cool J
2575,Jann Arden
2576,The Goo Goo Dolls
2577,R. Kelly
2578,Joan Osborne
2579,Natalie Merchant
2580,Mary J. Blige
2581,Coolio
2581,L.V.
2582,112
2582,The Notorious B.I.G.
2582,Mase
2583,Kelly Rowland
2584,SWV
2585,Deep Blue Something
2586,Collective Soul
2587,3T
2588,The Smashing Pumpkins
2589,Total
2590,Whitney Houston
2590,CeCe Winans
2591,Mariah Carey
2592,Hootie & The Blowfish
2593,Madonna
2594,Blues Traveler
2595,LL Cool J
2596,George Michael
2597,Kris Kross
2598,Bodeans
2599,No Doubt
2600,David Davis
2600,Christi Jones
2601,John Mellencamp
2602,Ginuwine
2603,Keith Sweat
2603,Athena Cage
2604,Sheryl Crow
2605,Sophie B. Hawkins
2606,MC Lyte
2606,Xscape
2607,Natalie Merchant
2608,Melissa Etheridge
2609,Toni Braxton
2610,R. Kelly
2611,Janet Jackson
2612,New Edition
2613,Total
2613,Da Brat
2614,Junior M.A.F.I.A.
2615,Maxi Priest
2615,Shaggy
2616,Metallica
2617,Ace of Base
2618,Take That
2619,Faith Evans
2620,Hootie & The Blowfish
2621,Puff Daddy & Faith Evans (Featuring 112)
2621,112
2622,Toni Braxton
2623,Diddy
2623,Mase
2624,R. Kelly
2625,En Vogue
2626,Mark Morrison
2627,LeAnn Rimes
2628,Spice Girls
2629,Backstreet Boys
2630,Hanson
2631,Usher
2632,Meredith Brooks
2633,Keith Sweat
2633,Athena Cage
2634,Third Eye Blind
2635,The Notorious B.I.G.
2635,Mase
2635,Diddy
2636,The Verve Pipe
2637,Savage Garden
2638,The Notorious B.I.G.
2639,Babyface
2639,Kenny G
2640,Spice Girls
2641,Boyz II Men
2642,Changing Faces
2643,Mariah Carey
2644,Whitney Houston
2645,Spice Girls
2646,Sister Hazel
2647,112
2648,Paula Cole
2649,Shawn Colvin
2650,Tim McGraw
2650,Faith Hill
2651,Gina G
2651,Motiv8
2652,New Edition
2653,98º
2654,Lil' Kim
2654,Angie Martinez
2654,"Lisa ""Left Eye"" Lopes"
2654,Da Brat
2654,Missy Elliott
2655,Bone Thugs-N-Harmony
2656,702
2657,Céline Dion
2658,Céline Dion
2659,Somethin' For The People
2660,Barbra Streisand
2660,Bryan Adams
2661,Foxy Brown
2661,JAY-Z
2662,Sheryl Crow
2663,Journey
2664,Sheryl Crow
2665,MC Lyte
2666,Ginuwine
2667,Sarah McLachlan
2668,White Town
2669,Coolio
2669,40 Thevz
2670,Eric Clapton
2671,Chumbawamba
2672,R. Kelly
2673,Total
2673,Black Rob
2674,Montell Jordan
2675,Bruce Springsteen
2676,Aaliyah
2677,Lil' Kim
2678,Luscious Jackson
2679,Warren G
2680,Brian McKnight
2680,Mase
2681,Madonna
2682,SWV
2682,Diddy
2683,Michael Bolton
2684,Mr. President
2685,Keith Sweat
2686,Madonna
2687,Ray J
2688,Brandy
2688,Monica
2689,Shania Twain
2690,Savage Garden
2691,LeAnn Rimes
2692,Paula Cole
2693,Third Eye Blind
2694,Destiny's Child
2694,Wyclef Jean
2695,Céline Dion
2696,Will Smith
2697,Usher
2698,Usher
2699,Mariah Carey
2700,Diddy
2700,The Notorious B.I.G.
2700,Mase
2701,Sarah McLachlan
2702,Backstreet Boys
2703,Aerosmith
2704,Faith Hill
2705,Montell Jordan
2705,"Silk ""The Shocker"" Friend"
2705,Master P
2706,Marcy Playground
2707,Boyz II Men
2708,Madonna
2709,Wyclef Jean
2710,Chumbawamba
2711,Five
2711,Cutfather & Joe
2712,Jon B.
2713,All Saints
2714,Studio Group
2715,Hanson
2716,Barenaked Ladies
2717,K.P. & Envyi
2718,Xscape
2719,Somethin' For The People
2720,Third Eye Blind
2721,Lisa Loeb
2722,LeAnn Rimes
2723,Backstreet Boys
2724,Jimmy Ray
2725,Ace of Base
2726,Diddy
2726,The Notorious B.I.G.
2726,Busta Rhymes
2727,Spice Girls
2728,Kelly Price
2728,R. Kelly
2728,Ronald Isley
2729,Edwin McCain
2730,Madonna
2731,Sister Hazel
2732,The Verve
2733,Busta Rhymes
2734,Spice Girls
2735,98º
2736,Loreena McKennitt
2737,Aaliyah
2738,2Pac
2739,Luke
2739,No Good But So Good
2740,Aretha Franklin
2741,Boyz II Men
2742,LL Cool J
2743,Gerald Levert
2744,Cher
2745,Whitney Houston
2745,Faith Evans
2745,Kelly Price
2746,Britney Spears
2747,Sixpence None The Richer
2748,Christina Aguilera
2749,Sugar Ray
2750,Ricky Martin
2751,702
2752,Jennifer Lopez
2753,The Goo Goo Dolls
2754,Brandy
2755,Backstreet Boys
2756,R. Kelly
2756,Céline Dion
2757,Smash Mouth
2758,Sarah McLachlan
2759,Destiny's Child
2760,Eagle-Eye Cherry
2761,Pearl Jam
2762,Maxwell
2763,Backstreet Boys
2764,Enrique Iglesias
2765,Busta Rhymes
2765,Janet Jackson
2766,Everlast
2767,Lenny Kravitz
2768,Sugar Ray
2769,Shania Twain
2770,Will Smith
2770,Dru Hill
2770,Kool Moe Dee
2771,Red Hot Chili Peppers
2772,Mariah Carey
2772,JAY-Z
2773,Mariah Carey
2774,98º
2775,JAY-Z
2775,Amil
2775,Ja Rule
2776,Third Eye Blind
2777,Ms. Lauryn Hill
2778,Lou Bega
2779,Tyrese
2780,Whitney Houston
2781,Shawn Mullins
2782,112
2783,Matchbox Twenty
2784,Ricky Martin
2785,Will Smith
2786,Tim McGraw
2787,Shania Twain
2788,Faith Evans
2789,Total
2790,Ms. Lauryn Hill
2791,The Goo Goo Dolls
2792,Mark Chesnutt
2793,98º
2794,Sarah McLachlan
2795,Whitney Houston
2796,Faith Evans
2796,Diddy
2797,Brandy
2798,Shania Twain
2799,LEN
2800,Marc Anthony
2801,Ginuwine
2802,Brian McKnight
2803,R. Kelly
2804,Kenny Chesney
2805,Britney Spears
2806,Mo Thugs Family
2807,JAY-Z
2808,Naughty By Nature
2808,Zhané
2809,Jo Dee Messina
2810,The Goo Goo Dolls
2811,Diddy
2812,George Strait
2813,Zoom Karaoke
2814,Alabama
2814,*NSYNC
2815,Faith Hill
2816,Destiny's Child
2817,Savage Garden
2818,Matchbox Twenty
2819,Toni Braxton
2820,Aaliyah Tribute
2821,Sisqo
2822,3 Doors Down
2823,Madonna
2824,Christina Aguilera
2825,Brian McKnight
2826,Marc Anthony
2827,Marc Anthony
2828,Montell Jordan
2829,Sisqo
2830,Macy Gray
2831,Céline Dion
2832,Backstreet Boys
2833,Missy Elliott
2834,Sonique
2835,Enrique Iglesias
2836,Christina Aguilera
2837,blink-182
2838,Faith Hill
2839,Christina Aguilera
2840,Third Eye Blind
2841,LeAnn Rimes
2842,Mariah Carey
2842,Joe
2842,Nas
2842,Clue
2842,"Supa Engineer ""Duro"""
2843,Jagged Edge
2843,RUN
2843,Lamarquis Jefferson
2844,Whitney Houston
2845,Smash Mouth
2846,Eiffel 65
2846,Gabry Ponte
2847,Eminem
2848,Everclear
2849,Britney Spears
2850,Jessica Simpson
2851,Filter
2852,Red Hot Chili Peppers
2853,JAY-Z
2853,UGK
2854,Jagged Edge
2855,Avant
2856,Donell Jones
2856,"Lisa ""Left Eye"" Lopes"
2857,Kid Rock
2858,Mystikal
2859,Erykah Badu
2859,Roy Ayres
2860,Train
2861,DMX
2862,Dread Zeppelin
2863,Jo Dee Messina
2864,Westlife
2865,Dr. Dre
2865,Snoop Dogg
2866,Britney Spears
2867,Savage Garden
2868,George Strait
2869,Donell Jones
2870,Toby Keith
2871,Tim McGraw
2872,The Goo Goo Dolls
2873,Lee Ann Womack
2874,Alice Deejay
2875,Bow Wow
2875,Xscape
2876,The Chicks
2877,Aaliyah
2878,The Hit Crew
2879,Jennifer Lopez
2880,Lifehouse
2881,Alicia Keys
2882,Train
2883,Jennifer Lopez
2883,Ja Rule
2884,Matchbox Twenty
2885,Lenny Kravitz
2886,The Hit Crew
2887,Blu Cantrell
2888,Shaggy
2888,Rik Rok
2889,Staind
2890,Usher
2891,Shaggy
2891,Rayvon
2892,Uncle Kracker
2893,112
2894,Incubus
2895,Destiny's Child
2896,Outkast
2897,Jennifer Lopez
2898,Faith Hill
2899,Ameritz Digital Karaoke
2900,Crazy Town
2901,Ja Rule
2901,Vita
2902,Mary J. Blige
2903,Lee Ann Womack
2904,Moby
2905,Madonna
2906,Craig David
2907,Destiny's Child
2908,Nelly Furtado
2909,3 Doors Down
2910,R. Kelly
2910,JAY-Z
2910,Boo
2910,Gotti
2911,Sugar Ray
2912,Aerosmith
2913,Jagged Edge
2914,Ginuwine
2915,JAY-Z
2916,Ricky Martin
2916,Christina Aguilera
2917,JAY-Z
2918,Mystikal
2919,Enya
2920,Toya
2921,S Club 7
2922,Jessica Simpson
2923,Sunshine Anderson
2924,Dave Matthews Band
2925,Faith Hill
2926,Musiq Soulchild
2927,112
2928,3LW
2929,Nelly Furtado
2930,Jennifer Lopez
2931,U2
2932,Blake Shelton
2933,Ludacris
2933,Pharrell Williams
2934,Tim McGraw
2935,Ja Rule
2935,Case
2936,Mariah Carey
2936,Da Brat
2936,Ludacris
2936,Twenty II
2936,Shawnna
2937,The Isley Brothers
2938,Erick Sermon
2938,Marvin Gaye
2939,Kenny Chesney
2940,R. Kelly
2941,Travis Tritt
2942,Eve 6
2943,Toby Keith
2944,Outkast
2945,3 Doors Down
2946,Enrique Iglesias
2947,Nickelback
2948,Ashanti
2949,The Calling
2950,Vanessa Carlton
2951,Linkin Park
2952,Fat Joe
2952,Ja Rule
2952,Ashanti
2953,Usher
2954,Puddle Of Mudd
2955,Avril Lavigne
2956,Ja Rule
2956,Ashanti
2957,Jennifer Lopez
2957,Ja Rule
2957,Cadillac Tah
2958,Jimmy Eat World
2959,Usher
2960,Mary J. Blige
2961,Eminem
2962,Enrique Iglesias
2963,Chad Kroeger
2963,Josey Scott
2964,Jennifer Lopez
2965,Cam’ron
2965,Juelz Santana
2966,DJ Sammy
2966,D/O
2967,No Doubt
2967,Bounty Killer
2968,Sheryl Crow
2969,Kelly Clarkson
2970,David Dallas
2970,Mr Sicc
2970,Tek
2971,Ashanti
2972,Kylie Minogue
2973,Eminem
2974,Alicia Keys
2975,Craig David
2976,Cam’ron
2976,Juelz Santana
2976,Freekey Zeekey
2976,Toya
2977,Disturbing Tha Peace
2977,Ludacris
2977,Mystikal
2977,I-20
2978,LeAnn Rimes
2979,Enrique Iglesias
2980,Aaliyah Tribute
2981,Faith Evans
2982,Daniel Bedingfield
2982,D'N'D Productions
2983,Eminem
2984,Michael Jackson
2985,Brandy
2986,Mary J. Blige
2986,Ja Rule
2987,Ginuwine
2988,ProTracks (Karaoke)
2989,Outkast
2989,Killer Mike
2990,No Doubt
2990,Lady Saw
2991,LL Cool J
2992,Sean Paul
2993,Ja Rule
2993,Case
2994,Ludacris
2995,The Goo Goo Dolls
2996,Mary J. Blige
2997,Ashanti
2998,Kenny Chesney
2999,Fat Joe
2999,R. Kelly
3000,Steve Holy
3001,Aaliyah Tribute
3002,Alan Jackson
3003,Jaheim
3004,Brandy
3005,B2K
3006,Céline Dion
3007,Nelly Furtado
3008,George Strait
3009,Toby Keith
3010,Alanis Morissette
3011,Avril Lavigne
3012,The Chicks
3013,Alan Jackson
3014,Justin Timberlake
3015,Toya
3016,50 Cent
3017,R. Kelly
3018,Sean Paul
3019,Beyoncé
3019,JAY-Z
3020,3 Doors Down
3021,Matchbox Twenty
3022,Chingy
3023,Aaliyah Tribute
3024,Kid Rock
3024,Sheryl Crow
3025,Evanescence
3026,Lil Jon & The East Side Boyz
3026,Ying Yang Twins
3027,Beyoncé
3027,Sean Paul
3028,50 Cent
3028,Nate Dogg
3029,Jennifer Lopez
3029,LL Cool J
3030,Christina Aguilera
3031,Busta Rhymes
3031,Mariah Carey
3031,Flipmode Squad
3032,Avril Lavigne
3033,Uncle Kracker
3034,Lil' Kim
3035,50 Cent
3036,B2K
3036,Diddy
3037,Fabolous
3037,Tamia
3038,Fabolous
3038,Mike Shorey
3038,Lil' Mo
3039,Ja Rule
3039,Ashanti
3040,Black Eyed Peas
3041,Eminem
3042,Ashanti
3043,Justin Timberlake
3044,Tyrese
3045,Justin Timberlake
3046,Wayne Wonder
3047,Pharrell Williams
3047,JAY-Z
3048,Karaoke - Dixie Chicks
3049,Nivea
3049,Brian Casey
3049,Brandon Casey
3050,Lumidee
3051,Snoop Dogg
3051,Pharrell Williams
3051,Uncle Charlie Wilson
3052,Kelly Clarkson
3053,Train
3054,Youngbloodz
3054,Lil Jon
3055,Clay Aiken
3056,Trapt
3057,Ginuwine
3058,Ludacris
3058,Shawnna
3059,Jason Mraz
3060,JAY-Z
3061,Jennifer Lopez
3061,Jadakiss
3061,Styles P
3062,Shania Twain
3063,Johnny Nash
3064,No Doubt
3064,Lady Saw
3065,Daniel Bedingfield
3066,R. Kelly
3067,3 Doors Down
3068,50 Cent
3069,Alan Jackson
3069,Jimmy Buffett
3070,Sean Paul
3071,Christina Aguilera
3071,Lil' Kim
3072,Puddle Of Mudd
3073,Frankie J
3074,Lil' Kim
3075,Ginuwine
3076,Toby Keith
3076,Willie Nelson
3077,Chingy
3077,Ludacris
3077,Snoop Dogg
3078,Erykah Badu
3078,Common
3079,Christina Aguilera
3080,2Pac
3080,Anthony Hamilton
3081,Coldplay
3082,Jaheim
3083,Ashanti
3084,Mark Wills
3085,Brooks & Dunn
3086,Dierks Bentley
3087,Ruben Studdard
3088,Eminem
3089,Kenny Chesney
3090,Aaliyah
3091,R. Kelly
3092,Audioslave
3093,Norah Jones
3094,Eminem
3094,Dina Rae
3095,Tim McGraw
3096,Floetry
3097,Usher
3097,Lil Jon
3097,Ludacris
3098,Usher
3099,Alicia Keys
3100,Maroon 5
3101,Outkast
3101,Sleepy Brown
3102,Hoobastank
3103,Mario Winans
3103,Enya
3103,Diddy
3104,Outkast
3105,Ciara
3105,Petey Pablo
3106,Terror Squad
3106,Fat Joe
3106,Remy Ma
3107,Usher
3108,Petey Pablo
3109,3 Doors Down
3110,Nickelback
3111,Beyoncé
3112,Evanescence
3113,Lil' Flip
3113,Lea
3114,JAY-Z
3115,Nina Sky
3115,Jabba
3116,Christina Milian
3117,Chingy
3117,Jason Weaver
3118,Kevin Lyttle
3119,Sheryl Crow
3120,Alicia Keys
3121,Linkin Park
3122,Alicia Keys
3122,Tony! Toni! Toné!
3122,Jermaine Paul
3123,Maroon 5
3124,Los Lonely Boys
3125,No Doubt
3126,Ashlee Simpson
3127,Kelis
3128,Ludacris
3129,Kanye West
3130,Akon
3131,Ludacris
3131,Shawnna
3132,Kanye West
3132,Syleena Johnson
3133,Britney Spears
3134,Ying Yang Twins
3134,Lil Jon & The East Side Boyz
3135,Jessica Simpson
3136,Switchfoot
3137,Ruben Studdard
3138,Avril Lavigne
3139,Outkast
3140,Destiny's Child
3141,D12
3142,Sean Paul
3142,Sasha
3142,Jeremy Harding
3142,Murray Elias
3143,Kanye West
3144,Jadakiss
3144,Anthony Hamilton
3145,Avant
3146,Lil' Flip
3147,Finger Eleven
3148,LL Cool J
3149,Youngbloodz
3149,Lil Jon
3150,Beyoncé
3150,Sean Paul
3151,Lil Jon & The East Side Boyz
3151,Ying Yang Twins
3152,Snoop Dogg
3152,Pharrell Williams
3153,Kelly Clarkson
3154,R. Kelly
3155,Linkin Park
3156,Tim McGraw
3157,Alan Jackson
3158,Britney Spears
3159,Beenie Man
3159,Ms. Thing
3160,G-Unit
3160,Joe
3161,Chingy
3161,Ludacris
3161,Snoop Dogg
3162,Black Eyed Peas
3163,Kenny Chesney
3163,Uncle Kracker
3164,Toby Keith
3165,JAY-Z
3166,Avril Lavigne
3167,Keith Urban
3168,R. Kelly
3169,Black Eyed Peas
3170,Gretchen Wilson
3171,Eminem
3172,John Michael Montgomery
3173,Kenny Chesney
3174,Mariah Carey
3175,Gwen Stefani
3176,Kelly Clarkson
3177,Ciara
3177,Missy Elliott
3178,Kanye West
3178,Jamie Foxx
3179,Green Day
3180,50 Cent
3180,Olivia
3181,The Pussycat Dolls
3181,Busta Rhymes
3182,Kelly Clarkson
3183,50 Cent
3184,Lifehouse
3185,Black Eyed Peas
3186,Missy Elliott
3186,Ciara
3186,Fatman Scoop
3187,Mariah Carey
3188,The Killers
3189,50 Cent
3190,Rihanna
3191,The Game
3191,50 Cent
3192,Weezer
3193,Ciara
3193,Ludacris
3194,Rob Thomas
3195,Snoop Dogg
3195,Pharrell Williams
3196,The Game
3196,50 Cent
3197,Lil Jon & The East Side Boyz
3197,Usher
3197,Ludacris
3198,Destiny's Child
3198,T.I.
3198,Lil Wayne
3199,Kelly Clarkson
3200,Will Smith
3201,Bow Wow
3201,Omarion
3202,Bow Wow
3202,Ciara
3203,Gwen Stefani
3203,Eve
3204,Black Eyed Peas
3205,Frankie J
3205,Baby Bash
3206,Usher
3207,DHT
3207,Edmee
3208,Papa Roach
3209,Gorillaz
3210,3 Doors Down
3210,Jack Joseph Puig
3211,Green Day
3212,Fall Out Boy
3213,Pretty Ricky
3214,Nickelback
3215,Akon
3216,Howie Day
3217,Green Day
3218,Fat Joe
3218,Nelly
3219,David Banner
3220,Jeezy
3220,Akon
3221,Ludacris
3221,Bobby V.
3222,Alicia Keys
3223,Coldplay
3224,Gavin DeGraw
3225,Eminem
3226,Maroon 5
3227,Ying Yang Twins
3228,Backstreet Boys
3229,Destiny's Child
3230,Amerie
3231,Foo Fighters
3232,Mariah Carey
3232,Jermaine Dupri
3232,Fatman Scoop
3233,Carrie Underwood
3234,Kelly Clarkson
3235,Pretty Ricky
3236,Jesse McCartney
3237,Gwen Stefani
3238,Ludacris
3239,50 Cent
3239,Mobb Deep
3241,Black Eyed Peas
3242,Jennifer Lopez
3243,Toby Keith
3244,Destiny's Child
3245,John Legend
3246,Sean Paul
3247,Omarion
3248,Ja Rule
3248,R. Kelly
3248,Ashanti
3249,T-Pain
3250,Gavin DeGraw
3251,112
3252,Faith Hill
3253,Ludacris
3254,Daniel Powter
3255,Sean Paul
3256,Nelly Furtado
3256,Timbaland
3257,James Blunt
3257,Matt Michaels
3258,Natasha Bedingfield
3259,Gnarls Barkley
3260,Chamillionaire
3260,Krayzie Bone
3261,Justin Timberlake
3261,Timbaland
3262,Beyoncé
3262,Bun B
3262,Slim Thug
3263,Mary J. Blige
3264,The Pussycat Dolls
3265,Ne-Yo
3266,Rihanna
3267,Panic! At The Disco
3268,The All-American Rejects
3269,Fergie
3270,Red Hot Chili Peppers
3271,Youngbloodz
3271,Sean Paul
3271,E-40
3271,Lil Jon
3272,Dem Franchize Boyz
3272,Peanut
3272,Charlay
3273,Rascal Flatts
3274,Rihanna
3275,Snow Patrol
3276,Hinder
3277,Christina Aguilera
3278,Fall Out Boy
3279,Kanye West
3279,Jamie Foxx
3280,Ludacris
3280,Pharrell Williams
3281,Bubba Sparxxx
3281,Ying Yang Twins
3281,Mr. Collipark
3282,Sean Paul
3282,Keyshia Cole
3283,Nickelback
3284,Kelly Clarkson
3285,The Pussycat Dolls
3286,T-Pain
3286,Mike Jones
3287,Black Eyed Peas
3288,Fort Minor
3288,Holly Brook
3288,Jonah Matranga
3289,Kelly Clarkson
3290,The All-American Rejects
3291,Nickelback
3292,Mariah Carey
3293,Ne-Yo
3294,E-40
3294,T-Pain
3294,Kandi Girl
3295,Nickelback
3296,Cherish
3296,Sean Paul
3297,Jamie Foxx
3297,Ludacris
3298,Justin Timberlake
3298,T.I.
3299,Eminem
3299,Nate Dogg
3300,Chingy
3300,Tyrese
3301,Kelis
3301,Too $hort
3302,Akon
3302,Eminem
3303,Ray J
3304,Bon Jovi
3304,Jennifer Nettles
3305,Busta Rhymes
3306,Daddy Yankee
3307,Rascal Flatts
3308,Evanescence
3309,Carrie Underwood
3310,Ciara
3310,Chamillionaire
3311,Sean Paul
3312,Blue October
3313,Lifehouse
3314,The Pussycat Dolls
3314,will.i.am
3315,Dem Franchize Boyz
3315,Jermaine Dupri
3315,Da Brat
3315,Bow Wow
3315,The Kid Slim
3316,Jeezy
3316,Akon
3317,Black Eyed Peas
3318,Eminem
3319,Madonna
3320,Keyshia Cole
3321,Ne-Yo
3322,Gorillaz
3323,T-Pain
3324,Taylor Hicks
3325,Beyoncé
3326,Rihanna
3326,JAY-Z
3327,Gwen Stefani
3327,Akon
3328,Fergie
3329,T-Pain
3329,Yung Joc
3330,Carrie Underwood
3331,Plain White T's
3332,Akon
3332,Snoop Dogg
3333,Nelly Furtado
3334,Fergie
3334,Ludacris
3335,Akon
3336,Avril Lavigne
3337,Maroon 5
3338,Akon
3338,Eminem
3339,MiMS
3340,Daughtry
3341,Timbaland
3341,Keri Hilson
3341,D.O.E.
3342,Fergie
3342,will.i.am
3343,Timbaland
3343,Justin Timberlake
3343,Nelly Furtado
3344,Justin Timberlake
3345,Daughtry
3346,Justin Timberlake
3346,T.I.
3347,Kanye West
3348,Jim Jones
3349,Sean Kingston
3350,Fall Out Boy
3351,T-Pain
3351,Akon
3352,Ludacris
3352,Mary J. Blige
3353,Nickelback
3354,Fall Out Boy
3355,Linkin Park
3356,Justin Timberlake
3357,Elliott Yamin
3358,Fat Joe
3358,Lil Wayne
3359,Fabolous
3359,Ne-Yo
3360,Omarion
3361,Hinder
3362,Robin Thicke
3363,Nickelback
3364,Bow Wow
3364,Chris Brown
3364,Johnta Austin
3365,The All-American Rejects
3366,Ne-Yo
3367,Bone Thugs-N-Harmony
3367,Akon
3368,My Chemical Romance
3369,Plies
3369,T-Pain
3370,Snow Patrol
3371,Beyoncé
3371,Shakira
3372,Justin Timberlake
3372,Timbaland
3373,Avril Lavigne
3374,Keyshia Cole
3374,Missy Elliott
3374,Lil' Kim
3375,Timbaland
3375,OneRepublic
3376,Colbie Caillat
3377,Ciara
3378,Kelly Clarkson
3379,Ciara
3380,J. Holiday
3381,Amy Winehouse
3382,Alicia Keys
3383,Boys Like Girls
3384,Jeezy
3384,R. Kelly
3385,Pretty Ricky
3386,Gwen Stefani
3387,Rihanna
3387,Sean Paul
3388,Lifehouse
3389,50 Cent
3389,Justin Timberlake
3389,Timbaland
3390,Bow Wow
3390,T-Pain
3390,Johnta Austin
3391,Taylor Swift
3392,Rihanna
3393,Red Hot Chili Peppers
3394,Ludacris
3394,Pharrell Williams
3395,Nickelback
3396,Justin Timberlake
3397,Hinder
3398,Finger Eleven
3399,Snoop Dogg
3399,R. Kelly
3400,R. Kelly
3400,Usher
3401,Flo Rida
3401,T-Pain
3402,Leona Lewis
3403,Alicia Keys
3404,Lil Wayne
3404,Static Major
3405,Timbaland
3405,OneRepublic
3406,Jordin Sparks
3406,Chris Brown
3407,Sara Bareilles
3408,Usher
3408,Jeezy
3409,Ray J
3409,Yung Berg
3410,Rihanna
3411,Coldplay
3412,Katy Perry
3413,Rihanna
3414,Rihanna
3415,Natasha Bedingfield
3416,Ne-Yo
3417,Colbie Caillat
3418,Mariah Carey
3419,Madonna
3419,Justin Timberlake
3419,Timbaland
3420,Finger Eleven
3421,Fergie
3422,Jason Mraz
3422,Philip Lawson
3422,The King's Singers
3423,Jesse McCartney
3424,Kardinal Offishall
3424,Akon
3425,Jordin Sparks
3426,Miley Cyrus
3427,Metro Station
3428,OneRepublic
3429,Sean Kingston
3430,Katy Perry
3431,The Karaoke Channel
3432,Lil Wayne
3432,T-Pain
3433,Taylor Swift
3434,Lil Wayne
3435,Buckcherry
3436,T-Pain
3436,Lil Wayne
3437,Alicia Keys
3438,Taylor Swift
3439,The Pussycat Dolls
3440,Snoop Dogg
3441,3 Doors Down
3442,Leona Lewis
3443,Linkin Park
3444,Wyclef Jean
3444,Akon
3444,Lil Wayne
3444,Niia
3445,Ne-Yo
3446,Flo Rida
3446,will.i.am
3447,Jordin Sparks
3448,Rihanna
3448,Ne-Yo
3449,Lupe Fiasco
3449,Matthew Santos
3450,J. Holiday
3451,Kevin Rudolf
3451,Lil Wayne
3452,David Banner
3452,Chris Brown
3452,Yung Joc
3453,Colbie Caillat
3454,Young Jeezy aka Lil' J
3455,David Cook
3456,Natasha Bedingfield
3456,Sean Kingston
3457,Jonas Brothers
3458,Kanye West
3459,The-Dream
3460,Plies
3460,Akon
3461,Fergie
3462,Kanye West
3462,T-Pain
3463,Britney Spears
3464,Taylor Swift
3465,Mary J. Blige
3466,Britney Spears
3467,Rick Ross
3467,T-Pain
3468,Kid Rock
3469,Trey Songz
3470,Gavin DeGraw
3471,The Game
3471,Lil Wayne
3472,Keyshia Cole
3473,Kanye West
3473,Dwele
3474,Lil Wayne
3474,Bobby V.
3474,Kidd Kidd
3475,Miley Cyrus
3476,Trace Adkins
3477,Gavin Rossdale
3478,Daughtry
3479,Timbaland
3479,Keri Hilson
3479,D.O.E.
3480,Saving Abel
3481,Keyshia Cole
3482,Black Eyed Peas
3483,Lady Gaga
3484,Lady Gaga
3484,Colby O'Donis
3485,Black Eyed Peas
3486,Taylor Swift
3487,Flo Rida
3488,Jason Mraz
3488,Philip Lawson
3488,The King's Singers
3489,Beyoncé
3490,Kanye West
3491,The All-American Rejects
3492,Taylor Swift
3493,Kings of Leon
3494,Keri Hilson
3494,Kanye West
3494,Ne-Yo
3495,Jamie Foxx
3495,T-Pain
3496,Pitbull
3497,Jay Sean
3497,Lil Wayne
3498,Miley Cyrus
3499,Kelly Clarkson
3500,Beyoncé
3501,Katy Perry
3502,Shinedown
3503,Britney Spears
3504,Kid Cudi
3505,Miley Cyrus
3506,Kevin Rudolf
3506,Lil Wayne
3507,Sean Kingston
3508,Jason Derulo
3509,Lady Gaga
3510,Katy Perry
3511,Jeremih
3512,Britney Spears
3513,Mariah Carey
3514,Ne-Yo
3515,Cobra Starship
3515,Leighton Meester
3516,Kanye West
3517,Pitbull
3518,Beyoncé
3519,The Pussycat Dolls
3520,Nickelback
3521,Lady Gaga
3522,Akon
3522,Colby O'Donis
3522,Kardinal Offishall
3523,Coldplay
3524,Akon
3525,Jordin Sparks
3526,Flo Rida
3526,Wynter Gordon
3527,Ne-Yo
3528,Owl City
3529,Linkin Park
3530,Daughtry
3531,Beyoncé
3532,Colbie Caillat
3533,Nickelback
3534,Fabolous
3534,The-Dream
3535,Boys Like Girls
3536,Britney Spears
3537,Jason Aldean
3538,Taylor Swift
3539,Rihanna
3540,Green Day
3541,Soulja Boy
3542,The-Dream
3543,Zac Brown Band
3544,Beyoncé
3545,Iyaz
3546,Brad Paisley
3547,Rob Thomas
3548,Jesse McCartney
3548,Ludacris
3549,Britney Spears
3550,Justin Bieber
3551,Lady A
3552,Kelly Clarkson
3553,John Legend
3553,André 3000
3554,Billy Currington
3555,Zac Brown Band
3556,Kelly Clarkson
3557,Michael Franti & Spearhead
3557,Cherine Tanya Anderson
3558,Jim Jones
3558,Ron Browz
3558,Juelz Santana
3559,Maxwell
3560,Kesha
3561,Lady A
3562,Train
3563,Katy Perry
3563,Snoop Dogg
3564,Usher
3564,will.i.am
3565,Eminem
3565,Rihanna
3566,Lady Gaga
3567,Taio Cruz
3568,Taio Cruz
3568,Ludacris
3569,Enrique Iglesias
3569,Pitbull
3570,Jason Derulo
3571,Rihanna
3572,Lady Gaga
3572,Beyoncé
3573,Katy Perry
3574,Bruno Mars
3575,Mike Posner
3575,Gigamesh
3576,Black Eyed Peas
3577,JAY-Z
3577,Alicia Keys
3578,Usher
3578,Pitbull
3579,Travie McCoy
3579,Bruno Mars
3580,Eminem
3581,Iyaz
3582,David Guetta
3582,Akon
3583,The Script
3584,Made famous by Ke$ha
3585,Black Eyed Peas
3586,Owl City
3587,Trey Songz
3587,Fabolous
3588,Lady Gaga
3589,Jason Derulo
3590,Ludacris
3591,Far East Movement
3591,The Cataracs
3591,DEV
3592,Timbaland
3592,Justin Timberlake
3593,Michael Bublé
3594,Flo Rida
3594,David Guetta
3595,Jay Sean
3595,Lil Wayne
3596,Jason Derulo
3597,Justin Bieber
3597,Ludacris
3598,Adam Lambert
3599,Taylor Swift
3600,Rihanna
3601,Kris Allen
3602,Rihanna
3602,Jeezy
3603,JAY-Z
3603,Mr Hudson
3604,Kesha
3604,3OH!3
3605,Trey Songz
3605,Nicki Minaj
3606,Jay Sean
3606,Sean Paul
3606,Lil Jon
3607,OneRepublic
3608,Orianthi
3609,Ludacris
3609,Nicki Minaj
3610,Taylor Swift
3611,Black Eyed Peas
3612,Made famous by Ke$ha
3613,Neon Trees
3614,Maroon 5
3615,Lady Gaga
3616,New Boyz
3616,Ray J
3617,Nicki Minaj
3618,Miley Cyrus
3619,Britney Spears
3620,Boys Like Girls
3620,Taylor Swift
3621,Kelly Clarkson
3622,Black Eyed Peas
3623,OneRepublic
3624,Selena Gomez & The Scene
3625,DJ Khaled
3625,Ludacris
3625,T-Pain
3625,Snoop Dogg
3625,Rick Ross
3626,Kevin Rudolf
3626,Birdman
3626,Jay Sean
3626,Lil Wayne
3627,Sugarland
3628,Usher
3629,Usher
3630,Taylor Swift
3631,Timbaland
3631,Drake
3632,Beyoncé
3633,Kings of Leon
3634,Carrie Underwood
3635,Sean Kingston
3636,Lil Wayne
3636,Drake
3637,Miranda Lambert
3638,Lady A
3639,Sara Bareilles
3640,Daughtry
3641,Jerrod Niemann
3642,LMFAO
3642,Lauren Bennett
3642,GoonRock
3643,Katy Perry
3644,Katy Perry
3644,Kanye West
3645,Pitbull
3645,Ne-Yo
3645,Afrojack
3645,Nayer
3646,Bruno Mars
3647,CeeLo Green
3648,Nicki Minaj
3649,Maroon 5
3649,Christina Aguilera
3650,Black Eyed Peas
3651,Jennifer Lopez
3651,Pitbull
3652,Rihanna
3653,Foster The People
3654,Katy Perry
3655,Bruno Mars
3656,Enrique Iglesias
3656,Ludacris
3656,DJ Frank E
3657,Lady Gaga
3658,Rihanna
3658,Drake
3659,Jeremih
3659,50 Cent
3660,Lil Wayne
3661,OneRepublic
3662,Bruno Mars
3663,Britney Spears
3664,Lupe Fiasco
3665,Lady Gaga
3666,Made famous by Ke$ha
3667,Wiz Khalifa
3668,Keith Hammond
3669,Bad Meets Evil
3669,Bruno Mars
3670,Gym Class Heroes
3670,Adam Levine
3671,Pitbull
3671,T-Pain
3672,Rihanna
3673,Lil Wayne
3673,Cory Gunz
3674,Lady A
3675,Jason Aldean
3676,Taio Cruz
3677,Waka Flocka Flame
3677,Roscoe Dash
3677,Wale
3678,Britney Spears
3679,DJ Khaled
3679,Justin Bieber
3679,Quavo
3679,Chance the Rapper
3679,Lil Wayne
3680,Cobra Starship
3680,Sabi
3681,Nicki Minaj
3681,Drake
3682,Dr. Dre
3682,Eminem
3682,Skylar Grey
3683,Kelly Rowland
3683,Lil Wayne
3684,Christina Perri
3685,Wiz Khalifa
3686,LMFAO
3687,Kanye West
3688,Britney Spears
3689,Usher
3690,Avril Lavigne
3691,Tinie Tempah
3691,Eric Turner
3692,Trey Songz
3692,Nicki Minaj
3693,Usher
3693,Pitbull
3694,The Script
3695,Blake Shelton
3696,Rihanna
3696,Calvin Harris
3697,Keri Hilson
3698,Lady Gaga
3699,David Guetta
3699,Usher
3700,Taylor Swift
3701,Katy Perry
3702,Eli Young Band
3703,Rihanna
3704,Selena Gomez & The Scene
3705,Jake Owen
3706,Zac Brown Band
3706,Jimmy Buffett
3707,DEV
3708,New Boyz
3708,The Cataracs
3708,DEV
3709,Beyoncé
3710,Jason Derulo
3711,David Guetta
3711,Flo Rida
3711,Nicki Minaj
3712,Rodney Atkins
3713,Mike Posner
3714,Jessie J
3714,B.o.B
3715,Blake Shelton
3716,Lil Wayne
3716,Drake
3717,Thompson Square
3718,Neon Trees
3719,Kenny Chesney
3719,Grace Potter
3720,Zac Brown Band
3721,Big Sean
3721,Chris Brown
3722,Gotye
3722,Kimbra
3723,Carly Rae Jepsen
3724,Maroon 5
3724,Wiz Khalifa
3725,Ellie Goulding
3726,Kelly Clarkson
3727,Rihanna
3727,Calvin Harris
3728,Nicki Minaj
3729,One Direction
3730,Flo Rida
3730,Sia
3731,LMFAO
3732,Katy Perry
3733,Flo Rida
3734,Flo Rida
3735,Maroon 5
3736,Train
3737,Rihanna
3738,Neon Trees
3739,David Guetta
3739,Sia
3740,Jason Mraz
3741,Bruno Mars
3742,Justin Bieber
3743,LMFAO
3743,Lauren Bennett
3743,GoonRock
3744,Alex Clare
3745,Katy Perry
3746,Taylor Swift
3747,Justin Bieber
3747,Big Sean
3748,David Guetta
3748,Nicki Minaj
3749,Maroon 5
3749,Christina Aguilera
3750,Owl City
3750,Carly Rae Jepsen
3751,Demi Lovato
3752,Katy Perry
3753,Calvin Harris
3754,Usher
3755,Tyga
3756,Jessie J
3757,Pitbull
3757,Chris Brown
3758,Phillip Phillips
3759,David Guetta
3759,Usher
3760,Gym Class Heroes
3760,Neon Hitch
3761,Luke Bryan
3762,2 Chainz
3762,Drake
3763,Big Sean
3763,Nicki Minaj
3764,Eric Church
3765,Gavin DeGraw
3766,Gym Class Heroes
3766,Adam Levine
3767,Pitbull
3768,J. Cole
3769,Calvin Harris
3769,Ne-Yo
3770,Carrie Underwood
3771,Little Big Town
3772,The Lumineers
3773,Coldplay
3774,Carrie Underwood
3775,Usher
3776,Wiz Khalifa
3777,Nicki Minaj
3778,Kenny Chesney
3779,Trey Songz
3780,Kirko Bangz
3781,Rihanna
3782,Train
3783,Toby Keith
3784,Keith Hagger
3784,Stewart Baxter
3785,T-Pain
3785,Lily Allen
3785,Wiz Khalifa
3786,Christina Perri
3787,Jason Aldean
3788,Rihanna
3789,Havana Brown
3789,Pitbull
3790,Imagine Dragons
3791,Luke Bryan
3792,Rihanna
3793,Lee Brice
3794,Kip Moore
3795,Jason Aldean
3796,Eli Young Band
3797,Linkin Park
3798,Macklemore
3798,Ryan Lewis
3798,Wanz
3799,Robin Thicke
3799,T.I.
3799,Pharrell Williams
3800,Imagine Dragons
3801,Baauer
3802,Macklemore & Ryan Lewis
3803,Justin Timberlake
3804,Bruno Mars
3805,Florida Georgia Line
3806,Katy Perry
3807,Bruno Mars
3808,The Lumineers
3809,Rihanna
3809,Mikky Ekko
3810,Daft Punk
3810,Pharrell Williams
3810,Nile Rodgers
3811,Lorde
3812,Taylor Swift
3813,Miley Cyrus
3814,Miley Cyrus
3815,Avicii
3816,Anna Kendrick
3817,JAY-Z
3817,Justin Timberlake
3818,Zedd
3818,Foxes
3819,AWOLNATION
3820,Swedish House Mafia
3820,John Martin
3821,Rihanna
3822,Icona Pop
3822,Charli XCX
3823,Bruno Mars
3824,Ariana Grande
3824,Mac Miller
3825,Maroon 5
3826,Pitbull
3826,Christina Aguilera
3827,Lady Gaga
3828,Maroon 5
3829,Lil Wayne
3829,Drake
3829,Future
3830,Justin Bieber
3830,Nicki Minaj
3831,Macklemore & Ryan Lewis
3831,Mary Lambert
3832,Calvin Harris
3832,Florence Welch
3833,Lana Del Rey
3833,Cedric Gervais
3834,Phillip Phillips
3835,Imagine Dragons
3836,J. Cole
3836,Miguel
3837,Alicia Keys
3838,Demi Lovato
3839,Maroon 5
3840,Mumford & Sons
3841,Darius Rucker
3842,Calvin Harris
3842,Ellie Goulding
3843,Keith Hagger
3843,Stewart Baxter
3844,Wale
3844,Rihanna
3845,Blake Shelton
3845,Pistol Annies
3846,Phillip Phillips
3847,Imagine Dragons
3848,OneRepublic
3849,Flo Rida
3850,Of Monsters and Men
3851,Jason Derulo
3852,Eminem
3853,Kelly Clarkson
3854,Luke Bryan
3855,Rihanna
3856,Taylor Swift
3857,One Direction
3858,Ed Sheeran
3859,Luke Bryan
3860,Blake Shelton
3861,Olly Murs
3861,Flo Rida
3862,Ciara
3863,The Script
3863,will.i.am
3864,Miranda Lambert
3865,Thomas Rhett
3866,Ace Hood
3866,Future
3866,Rick Ross
3867,Lady A
3868,Florida Georgia Line
3869,Sara Bareilles
3870,Passenger
3871,Randy Houser
3872,2 Chainz
3873,Pharrell Williams
3874,Katy Perry
3874,Juicy J
3875,John Legend
3876,Iggy Azalea
3876,Charli XCX
3877,OneRepublic
3878,Jason Derulo
3878,2 Chainz
3879,Meghan Trainor
3880,Ariana Grande
3880,Iggy Azalea
3881,Sam Smith
3882,Pitbull
3882,Kesha
3883,Taylor Swift
3884,Nico & Vinz
3885,DJ Snake
3885,Lil Jon
3886,Eminem
3886,Rihanna
3887,Lorde
3888,Passenger
3889,Lorde
3890,Avicii
3891,Imagine Dragons
3892,One Direction
3893,Sia
3894,Iggy Azalea
3894,Rita Ora
3895,Jessie J
3895,Ariana Grande
3895,Nicki Minaj
3895,Imanos
3895,Gramercy
3896,Disclosure
3896,Sam Smith
3897,Maroon 5
3898,American Authors
3899,Tove Lo
3900,Calvin Harris
3901,Charli XCX
3902,Beyoncé
3902,JAY-Z
3903,Nicki Minaj
3904,Ariana Grande
3904,Zedd
3905,Enrique Iglesias
3905,Descemer Bueno
3905,Gente De Zona
3906,Ellie Goulding
3907,Jason Derulo
3907,Snoop Dogg
3908,Clean Bandit
3908,Jess Glynne
3909,Jeremih
3909,YG
3910,Kid Ink
3910,Chris Brown
3911,Miley Cyrus
3912,Justin Timberlake
3913,Katy Perry
3914,Aloe Blacc
3915,Florida Georgia Line
3915,Luke Bryan
3916,Coldplay
3917,Ed Sheeran
3917,Justin Bieber
3918,Trey Songz
3919,Ed Sheeran
3920,Imagine Dragons
3921,Echosmith
3922,Avicii
3923,Jason Derulo
3924,Maroon 5
3925,Jason Aldean
3926,Luke Bryan
3927,Florida Georgia Line
3928,OneRepublic
3929,Brantley Gilbert
3930,Becky G
3931,Rixton
3932,Martin Garrix
3933,Kenny Chesney
3934,Sara Bareilles
3935,Michael Jackson
3935,Justin Timberlake
3936,Dierks Bentley
3937,Katy Perry
3938,Lady A
3939,Naughty Boy
3939,Sam Smith
3940,Robin Thicke
3940,T.I.
3940,Pharrell Williams
3941,Lady Gaga
3941,Christina Aguilera
3942,5 Seconds of Summer
3943,Lil Wayne
3943,Drake
3944,Jake Owen
3945,Macklemore
3945,Ryan Lewis
3945,Hollis
3945,ScHoolboy Q
3946,5 Seconds of Summer
3947,Zedd
3947,Hayley Williams
3948,Beyoncé
3949,Lee Brice
3950,Miranda Lambert
3950,Carrie Underwood
3951,Miley Cyrus
3952,Mark Ronson
3952,Bruno Mars
3953,Ed Sheeran
3954,Wiz Khalifa
3954,Charlie Puth
3955,Fetty Wap
3956,Maroon 5
3957,WALK THE MOON
3958,Taylor Swift
3959,The Weeknd
3960,The Weeknd
3961,The Weeknd
3962,Ellie Goulding
3963,Hozier
3964,Taylor Swift
3965,Major Lazer
3965,MØ
3965,DJ Snake
3966,Jason Derulo
3967,Taylor Swift
3968,Rachel Platten
3969,Fetty Wap
3969,Remy Boyz
3970,Meghan Trainor
3971,Fifth Harmony
3971,Kid Ink
3972,Omarion
3972,Chris Brown
3972,Jhené Aiko
3973,Andy Grammer
3974,Sam Smith
3974,Dale Burbeck
3975,Selena Gomez
3975,A$AP Rocky
3976,Meghan Trainor
3977,Taylor Swift
3978,David Guetta
3978,Afrojack
3978,Bebe Rexha
3978,Nicki Minaj
3979,Flo Rida
3979,Sage The Gemini
3979,Lookas
3980,Justin Bieber
3981,Ed Sheeran
3982,Shawn Mendes
3983,Tove Lo
3984,Pitbull
3984,Ne-Yo
3985,Natalie La Rose
3985,Jeremih
3986,Fall Out Boy
3987,Fetty Wap
3987,Monty
3988,Maroon 5
3989,Big Sean
3989,E-40
3990,Rich Homie Quan
3991,Nicki Minaj
3991,Drake
3991,Lil Wayne
3991,Chris Brown
3992,Sia
3993,Demi Lovato
3994,X Ambassadors
3995,Usher
3995,Juicy J
3996,Ariana Grande
3996,The Weeknd
3997,Taylor Swift
3998,Sam Smith
3999,DJ Snake
3999,AlunaGeorge
4000,Fall Out Boy
4001,Selena Gomez
4002,Little Big Town
4003,Trey Songz
4004,One Direction
4005,Nicki Minaj
4005,Drake
4005,Lil Wayne
4006,Ariana Grande
4007,Meek Mill
4007,Chris Brown
4007,Nicki Minaj
4008,Rae Sremmurd
4009,Vance Joy
4010,Meghan Trainor
4011,Charlie Puth
4011,Meghan Trainor
4012,Meghan Trainor
4012,John Legend
4013,Tove Lo
4014,James Newton Howard
4014,Jennifer Lawrence
4015,Sam Smith
4015,John Legend
4016,Luke Bryan
4017,Big Sean
4017,Drake
4018,George Ezra
4019,Sia
4020,Kelly Clarkson
4021,Ed Sheeran
4021,Justin Bieber
4022,Ella Henderson
4023,Alessia Cara
4024,Mr. Probz
4024,Robin Schulz
4025,Ne-Yo
4025,Juicy J
4026,One Direction
4027,Calvin Harris
4027,Disciples
